SKU,Name,Sync gr ID
1816,FELLINI BRACES,parbraces|
15424,TROUSER BG87/79,rembg8779trou|lotus
11502,LOTUS TROUSER F372/99,remf37299lotus|black
17340,WASHED BECK TROUSER BH85/14,rembh8514trou|beige
10352,REMBRANDT SUIT,remaw8489suit|charcoal
12447,PROTO JACKET BC23/99,whbc2399proto|black
12478,PUNK TROUSER AV81/89,whav8189punk|charcoal
12477,PUNK TROUSER AV81/89,whav8189punk|charcoal
19632,PROTO SV-PUNK SUIT BO13/85,whbo1385suit|grey
19631,PROTO SV-PUNK SUIT BO13/85,whbo1385suit|grey
19638,PROTO SV-PUNK SUIT BQ08/89,whbq0889suit|charcoal
19637,PROTO SV-PUNK SUIT BQ08/89,whbq0889suit|charcoal
19636,PROTO SV-PUNK SUIT BQ08/89,whbq0889suit|charcoal
19635,PROTO SV-PUNK SUIT BQ08/89,whbq0889suit|charcoal
19634,PROTO SV-PUNK SUIT BQ08/89,whbq0889suit|charcoal
19646,SHEEN SV JACKET BQ16/79,rembq1679jkt|navy
19645,SHEEN SV JACKET BQ16/79,rembq1679jkt|navy
19644,SHEEN SV JACKET BQ16/79,rembq1679jkt|navy
19643,SHEEN SV JACKET BQ16/79,rembq1679jkt|navy
19642,SHEEN SV JACKET BQ16/79,rembq1679jkt|navy
19655,BECK TROUSER BQ28/89,rembq2889trou|charcoal
19654,BECK TROUSER BQ28/89,rembq2889trou|charcoal
19653,BECK TROUSER BQ28/89,rembq2889trou|charcoal
19652,BECK TROUSER BQ28/89,rembq2889trou|charcoal
19651,BECK TROUSER BQ28/89,rembq2889trou|charcoal
19650,BECK TROUSER BQ28/89,rembq2889trou|charcoal
19664,LENNON SV HOLLYWOOD,rembq3289suit|charcoal
19663,LENNON SV HOLLYWOOD,rembq3289suit|charcoal
19662,LENNON SV HOLLYWOOD,rembq3289suit|charcoal
19661,LENNON SV HOLLYWOOD,rembq3289suit|charcoal
19660,LENNON SV HOLLYWOOD,rembq3289suit|charcoal
19659,LENNON SV HOLLYWOOD,rembq3289suit|charcoal
19658,LENNON SV HOLLYWOOD,rembq3289suit|charcoal
19669,CHURCHILL VEST BP86/75,rembp8675vest|blue
19668,CHURCHILL VEST BP86/75,rembp8675vest|blue
19667,CHURCHILL VEST BP86/75,rembp8675vest|blue
19666,CHURCHILL VEST BP86/75,rembp8675vest|blue
19682,CUSACK SV JKT BQ54/79,rembq5479jkt|navy
19681,CUSACK SV JKT BQ54/79,rembq5479jkt|navy
19680,CUSACK SV JKT BQ54/79,rembq5479jkt|navy
19679,CUSACK SV JKT BQ54/79,rembq5479jkt|navy
19678,CUSACK SV JKT BQ54/79,rembq5479jkt|navy
19677,CUSACK SV JKT BQ54/79,rembq5479jkt|navy
19676,CUSACK SV JKT BQ54/79,rembq5479jkt|navy
19675,CUSACK SV JKT BQ54/79,rembq5479jkt|navy
19674,CUSACK SV JKT BQ54/79,rembq5479jkt|navy
19683,CUSACK SV JKT BQ54/79,rembq5479jkt|navy
10834,LENNON SV JACKET,rembg8779jkt|blue
15423,TROUSER BG87/79,rembg8779trou|lotus
15415,LOTUS TROUSER A685/12,rema68512trou|beige
15879,REVERSIBLE BELT,remreversebelt|black
18795,LOTUS TROU BO20/79,rembo2079trou|navy
18786,COOPER SV JACKET BO20/79,rembo2079jkt|navy
18785,COOPER SV JACKET BO20/79,rembo2079jkt|navy
19580,POLISHING BRUSH,foot04b8rb|multi
19582,WOODEN SHOE TREE - CEDAR,foot01wst42|multi
19584,WOODEN SHOE TREE - CEDAR,foot01wst44|multi
19588,SHOE CREAM 50ML,footshoecream|brownlgt
19586,SHOE CREAM 50ML,footshoecream|brown
19587,SHOE CREAM 50ML,footshoecream|black
19590,WAXED ROUND LACES 75CM,footlaces75|brown
19591,WAXED ROUND LACES 75CM,footlaces75|black
19600,W16INNBK TLD L/S 12314T,amb12314tshirt|navy
19599,W16INNBK TLD L/S 12314T,amb12314tshirt|navy
19598,W16INNBK TLD L/S 12314T,amb12314tshirt|navy
19597,W16INNBK TLD L/S 12314T,amb12314tshirt|navy
13174,CUMBRIA SV JACKET BM21/79,rembm2179jkt|navy
19578,CUMBRIA SV JACKET BM21/79,rembm2179jkt|navy
17510,LOTUS TROUSER BO91/79,rembo9179trou|blue
19577,WHITE BROOKLYN,whsz8601shirt|
12618,ROBERT CHARLES BELT,rob3751belt|black
12616,ROBERT CHARLES BELT,rob3751belt|black
12614,ROBERT CHARLES BELT,rob3751belt|black
14318,NORTH &amp; SOUTH CUFF LINKS,cdcufflinkns|silver
19572,SANDERS SS PLAIN TIE,sanplaintie|poly
19571,SANDERS SS PLAIN TIE,sanplaintie|wed-t
19573,BRUSHED GOLD CUFF LINKS,cdcufflinkgold|
19574,SILVER KIWI ON BLACK,cdcufflinkkiwi|
19575,SILVER FERN ON BLACK,cdcufflinkfern|
19576,SQUARE BLACK &amp; WHITE PATTERN,cdcufflinksqr|
19570,HOLLYWOOD TROUSER AZ14/99,remaz1499hwood|black
19569,HOLLYWOOD TROU,remaz1589h/trou|charcoal
17846,CUMBRIA SV JACKET AZ15/89,remaz1589cumbri|charcoal
18781,COOPER SV JACKET BO20/79,rembo2079jkt|navy
18780,COOPER SV JACKET BO20/79,rembo2079jkt|navy
19502,BLUE GINGHAM SINATRA SD04/79,remsd0470shirt|blue
19501,BLUE GINGHAM SINATRA SD04/79,remsd0470shirt|blue
19500,BLUE GINGHAM SINATRA SD04/79,remsd0470shirt|blue
19499,BLUE GINGHAM SINATRA SD04/79,remsd0470shirt|blue
19498,BLUE GINGHAM SINATRA SD04/79,remsd0470shirt|blue
19497,BLUE GINGHAM SINATRA SD04/79,remsd0470shirt|blue
19496,BLUE GINGHAM SINATRA SD04/79,remsd0470shirt|blue
19495,BLUE GINGHAM SINATRA SD04/79,remsd0470shirt|blue
19508,MAROON GEO PAPAMOA SC48/47,remsc4847shirt|maroon
19507,MAROON GEO PAPAMOA SC48/47,remsc4847shirt|maroon
19506,MAROON GEO PAPAMOA SC48/47,remsc4847shirt|maroon
19505,MAROON GEO PAPAMOA SC48/47,remsc4847shirt|maroon
19504,MAROON GEO PAPAMOA SC48/47,remsc4847shirt|maroon
19514,BLUE GEOMETRIC PAPAMOA SC49/75,remsc4975shirt|blue
19513,BLUE GEOMETRIC PAPAMOA SC49/75,remsc4975shirt|blue
19512,BLUE GEOMETRIC PAPAMOA SC49/75,remsc4975shirt|blue
19511,BLUE GEOMETRIC PAPAMOA SC49/75,remsc4975shirt|blue
19510,BLUE GEOMETRIC PAPAMOA SC49/75,remsc4975shirt|blue
19528,BLUE STRIPE BROSNAN SC28/75,remsc2875shirt|blue
19527,BLUE STRIPE BROSNAN SC28/75,remsc2875shirt|blue
19526,BLUE STRIPE BROSNAN SC28/75,remsc2875shirt|blue
19525,BLUE STRIPE BROSNAN SC28/75,remsc2875shirt|blue
19524,BLUE STRIPE BROSNAN SC28/75,remsc2875shirt|blue
19523,BLUE STRIPE BROSNAN SC28/75,remsc2875shirt|blue
19522,BLUE STRIPE BROSNAN SC28/75,remsc2875shirt|blue
19521,BLUE STRIPE BROSNAN SC28/75,remsc2875shirt|blue
19537,BLUE METROPOLIS SC29/75,remsc2975shirt|blue
19536,BLUE METROPOLIS SC29/75,remsc2975shirt|blue
19535,BLUE METROPOLIS SC29/75,remsc2975shirt|blue
19534,BLUE METROPOLIS SC29/75,remsc2975shirt|blue
19533,BLUE METROPOLIS SC29/75,remsc2975shirt|blue
19532,BLUE METROPOLIS SC29/75,remsc2975shirt|blue
19531,BLUE METROPOLIS SC29/75,remsc2975shirt|blue
19530,BLUE METROPOLIS SC29/75,remsc2975shirt|blue
19546,LILAC BROSNAN SC45/49,remsc4549shirt|purplelgt
19545,LILAC BROSNAN SC45/49,remsc4549shirt|purplelgt
19544,LILAC BROSNAN SC45/49,remsc4549shirt|purplelgt
19543,LILAC BROSNAN SC45/49,remsc4549shirt|purplelgt
19542,LILAC BROSNAN SC45/49,remsc4549shirt|purplelgt
19541,LILAC BROSNAN SC45/49,remsc4549shirt|purplelgt
19540,LILAC BROSNAN SC45/49,remsc4549shirt|purplelgt
19539,LILAC BROSNAN SC45/49,remsc4549shirt|purplelgt
19555,NAVY BROSNAN SC46/79,remsc4679shirt|navy
19553,NAVY BROSNAN SC46/79,remsc4679shirt|navy
19552,NAVY BROSNAN SC46/79,remsc4679shirt|navy
19551,NAVY BROSNAN SC46/79,remsc4679shirt|navy
19550,NAVY BROSNAN SC46/79,remsc4679shirt|navy
19549,NAVY BROSNAN SC46/79,remsc4679shirt|navy
19548,NAVY BROSNAN SC46/79,remsc4679shirt|navy
19561,MAROON SPOT METROPOLIS SC97/47,remsc9747shirt|maroon
19560,MAROON SPOT METROPOLIS SC97/47,remsc9747shirt|maroon
19559,MAROON SPOT METROPOLIS SC97/47,remsc9747shirt|maroon
19558,MAROON SPOT METROPOLIS SC97/47,remsc9747shirt|maroon
19557,MAROON SPOT METROPOLIS SC97/47,remsc9747shirt|maroon
19567,PURPLE SPOT METROPOLIS SC97/47,remsc9849shirt|purple
19566,PURPLE SPOT METROPOLIS SC97/47,remsc9849shirt|purple
19565,PURPLE SPOT METROPOLIS SC97/47,remsc9849shirt|purple
19564,PURPLE SPOT METROPOLIS SC97/47,remsc9849shirt|purple
19563,PURPLE SPOT METROPOLIS SC97/47,remsc9849shirt|purple
test2,test2,
test1,test1,
12425,ASTOR TROUSER BJ83/79,rembj8379trou|navy
12424,ASTOR TROUSER BJ83/79,rembj8379trou|navy
19481,LEWIS SV JACKET,rembj8379jkt|navy
17454,REVERSIBLE BELT,remreversebelt|black
15880,REVERSIBLE BELT,remreversebelt|black
19484,BROWN REMBRANDT BELT BLT08-59,remblt0859belt|brown
15860,BROWN REMBRANDT BELT BLT08-59,remblt0859belt|brown
19482,BLACK REMBRANDT BELT BLT07/99,remblt0799belt|black
18815,WASHED BECK TROU,rembp0279trou|blue
19412,EIDELWEIS PRINT SLIM S/C,gbb161172-178|blue
19411,EIDELWEIS PRINT SLIM S/C,gbb161172-178|blue
19410,EIDELWEIS PRINT SLIM S/C,gbb161172-178|blue
19409,EIDELWEIS PRINT SLIM S/C,gbb161172-178|blue
19408,EIDELWEIS PRINT SLIM S/C,gbb161172-178|blue
19428,CANNONSBURG CHECK SLIM,gbb161192-178|pink
19427,CANNONSBURG CHECK SLIM,gbb161192-178|pink
19426,CANNONSBURG CHECK SLIM,gbb161192-178|pink
19425,CANNONSBURG CHECK SLIM,gbb161192-178|pink
19424,CANNONSBURG CHECK SLIM,gbb161192-178|pink
19423,CANNONSBURG CHECK SLIM,gbb161192-178|pink
19422,CANNONSBURG CHECK SLIM,gbb161192-178|pink
19420,CANNONSBURG CHECK SLIM,gbb161192-178|bluedark
19419,CANNONSBURG CHECK SLIM,gbb161192-178|bluedark
19418,CANNONSBURG CHECK SLIM,gbb161192-178|bluedark
19417,CANNONSBURG CHECK SLIM,gbb161192-178|bluedark
19416,CANNONSBURG CHECK SLIM,gbb161192-178|bluedark
19415,CANNONSBURG CHECK SLIM,gbb161192-178|bluedark
19414,CANNONSBURG CHECK SLIM,gbb161192-178|bluedark
19437,MELANGE HERRINGBONE,gbb161202-128|bluelgt
19436,MELANGE HERRINGBONE,gbb161202-128|bluelgt
19435,MELANGE HERRINGBONE,gbb161202-128|bluelgt
19434,MELANGE HERRINGBONE,gbb161202-128|bluelgt
19433,MELANGE HERRINGBONE,gbb161202-128|bluelgt
19432,MELANGE HERRINGBONE,gbb161202-128|bluelgt
19431,MELANGE HERRINGBONE,gbb161202-128|bluelgt
19447,CREEK CHECK,gbb161321-178|pink
19446,CREEK CHECK,gbb161321-178|pink
19445,CREEK CHECK,gbb161321-178|pink
19444,CREEK CHECK,gbb161321-178|pink
19443,CREEK CHECK,gbb161321-178|pink
19442,CREEK CHECK,gbb161321-178|pink
19441,CREEK CHECK,gbb161321-178|pink
19456,MAMMOUTH MICRO-CHECK,gbb161342-129|white
19455,MAMMOUTH MICRO-CHECK,gbb161342-129|white
19454,MAMMOUTH MICRO-CHECK,gbb161342-129|white
19453,MAMMOUTH MICRO-CHECK,gbb161342-129|white
19452,MAMMOUTH MICRO-CHECK,gbb161342-129|white
19451,MAMMOUTH MICRO-CHECK,gbb161342-129|white
19450,MAMMOUTH MICRO-CHECK,gbb161342-129|white
19465,MONARCH MICRO CHECK,gbb161401-178|pink
19464,MONARCH MICRO CHECK,gbb161401-178|pink
19463,MONARCH MICRO CHECK,gbb161401-178|pink
19462,MONARCH MICRO CHECK,gbb161401-178|pink
19461,MONARCH MICRO CHECK,gbb161401-178|pink
19460,MONARCH MICRO CHECK,gbb161401-178|pink
19459,MONARCH MICRO CHECK,gbb161401-178|pink
19458,MONARCH MICRO CHECK,gbb161401-178|pink
19474,CAMPGAW CHECK,gbb161461-178|navy
19473,CAMPGAW CHECK,gbb161461-178|navy
19472,CAMPGAW CHECK,gbb161461-178|navy
19471,CAMPGAW CHECK,gbb161461-178|navy
19470,CAMPGAW CHECK,gbb161461-178|navy
19469,CAMPGAW CHECK,gbb161461-178|navy
19468,CAMPGAW CHECK,gbb161461-178|navy
19467,CAMPGAW CHECK,gbb161461-178|navy
19480,COTTONWOOD CHECK,gbb162102-178|red
19479,COTTONWOOD CHECK,gbb162102-178|red
19478,COTTONWOOD CHECK,gbb162102-178|red
19477,COTTONWOOD CHECK,gbb162102-178|red
19476,COTTONWOOD CHECK,gbb162102-178|red
19489,ASTOR TROU BN81/75,rembn8175trou|blue
132,LENNON SV JACKET AO86-99,remao8699jls|
127,LENNON SV JACKET AO86-99,remao8699jls|
953,GB BUSINESS SHIRT S/C,gbb351102-121|white
9994,COOPER SV JACKET BG05/89,rembg0589jkt|charcoal
82,HOLLYWOOD TROUSER AA45-89,remaa4589tho|
124,LENNON SV JACKET AO86-99,remao8699jls|
1026,PIERRE CARDIN LAZARRE BELT,parlazarrebelt|black
6303,LEATHER GLOVES WOOL LINED M330,m330gloves|brown
3679,VISCONTI POLO SHIRT,vis344205sspolo|khaki
4233,TIE BAR,cdtiebar|
4745,CUMBRIA SV JKT AZ75/99,remaz7599jkt|black
4865,GB HANGCELL LS SHIRT,gbb112491-121|bluedark
4911,FREDERICK A 15863 LS SHIRT,amb15863shirt|brown
4923,INNSBROOK 15643 LS SHIRT,amb15643shirt|blue
4985,GB B SHIRT B111326-202,gbb111326-202|grey
5216,PORTER SV JACKET,remh430jkt|black/white
5461,H/B SANTIAGO SHIRT,remss5689shirt|black
5910,THE LOTUS UMBRELLA,perowm003|
6423,GB B211326-121 BUS SHIRT,gbb211326-121|grey
6517,COOPER SUIT JACKET AV96/79,remav9679jkt|blue
7592,PIERRE CARDIN BUSINESS SHIRT,pc25683tbshirt|blue
7645,FLORSHEIM ACCORD SHOE,flo105330|black
7652,FLORSHEIM CAGE SHOE,flo105320|black
8117,GB BUSINESS SHIRT,gbb121198-202|charcoal
9620,DOWNING BROUGE SHOE,flodowning|brown
9642,METRO SHOE,flometro|olive
9641,METRO SHOE,flometro|olive
10150,FINE CUENCA PANAMA EQUADOR,hills995hat|neutral
10707,GEOFFREY BEENE BUSINESS SHIRT,gbb131227-127|blue
10494,GEOFFREY BEENE BUSINESS SHIRT,gbb131227-127|charcoal
10969,GEOFFREY BEENE BUSINESS SHIRT,gbb131136-128|red
10714,GB BUSINESS SHIRT,gbb131234-121|pink
10772,BROOKLYN BUSINESS SHIRT,whsv5875bshirt|blue
10963,GEOFFREY BEENE BUSINESS SHIRT,gbb131124-128|blue
11009,SUMMIT BLK LABEL BUSINESS SHIRT,amb27323tbshirt|blue
11003,SUMMIT BLK LABEL BUSINESS SHIRT,amb27323tbshirt|grey
11081,FINE CREW NECK,sil4482knit|green
11474,BLACK LABEL BUSINESS SHIRT,amb279632tbshir|blue
11466,BLACK LABEL BUSINESS SHIRT,amb279632tbshir|black
11629,GEOFFREY BEENE BUSINESS SHIRT,gbb231172-128|white
11627,GEOFFREY BEENE BUSINESS SHIRT,gbb231172-128|white
11632,GEOFFREY BEENE BUSINESS SHIRT,gbb231211-121|
11652,GEOFFREY BEENE BUSINESS SHIRT,gbb231291-121|pink
11650,GEOFFREY BEENE BUSINESS SHIRT,gbb231291-121|pink
12271,GEOFFREY BEENE BUSINESS SHIRT,gbb231092-228|yellow
12270,GEOFFREY BEENE BUSINESS SHIRT,gbb231092-228|yellow
12293,GEOFFREY BEENE BUSINESS SHIRT,gbb231182-268|blue
14546,REMBRANDT SUIT,remaa4589suit|charcoal
14128,WHITE SANTIAGO SY10/01,remsy1001bshirt|white
14254,COOPER SV BN02/79,rembn0279jkt|blue
14468,PC BSHIRT 28837T,pc28837tbshirt|blue
14467,PC BSHIRT 28837T,pc28837tbshirt|blue
14487,SUMMIT 28903T BSHIRT,amb28903tbshirt|blue
14486,SUMMIT 28903T BSHIRT,amb28903tbshirt|blue
14495,SUMMIT 28933T BSHIRT,amb28933tbshirt|grey
14493,SUMMIT 28933T BSHIRT,amb28933tbshirt|grey
14665,FLORSHEIM ALMANSA BOOT,flo almansa|brown
14802,PELICAN DOBBY S/C SLIM,gbb241552-129|bluelgt
14882,CORNWALL SV JACKET BM95/79,rembm9579jkt|blue
14924,ASTOR TROUSER BM33/75,rembm3375dtrou|blue
15141,ROKER ZAG PRINT S/C,gbb241322-129|navy
15140,ROKER ZAG PRINT S/C,gbb241322-129|navy
15291,HALCYON SV JACKET BM37/55,rembm3755jkt|brown
15357,LOTUS TROUSER BM52/50,rembm5250trou|brown
15720,LILAC BROSNAN SHIRT SX3749,remsx3749shirt|purple
15858,REMBRANDT POCKET SQUARE,rempktsq|multi
16381,GIANT,perowm007|black
16723,PUNK TROUSER,whbn9379trou|blue
17155,ORIAN WH06U243 CSHIRT,oru243shirt|bluelgt
17218,PIERRE CARDIN BOW TIE,parbowpc|multi
17274,LAPEL PIN,zenlapelpins|multi
17298,SEMI-BROGUE DERBY 17-59,remsho1759shoe|brown
17595,CHECK SANTIAGO SHIRT SA35/55,remsa3555shirt|brown
17762,LEATHER LEX BELT,remlexbelt|brown
17755,LEATHER LEX BELT,remlexbelt|black
17769,NUBUCK MONK BELT,remnubmonkbelt|brown
17899,AERTEX S/S SHIRT 88566,amb88566shirt|red
18221,ARI CHECK SLIM D/C,gbb251172-228|white
18220,ARI CHECK SLIM D/C,gbb251172-228|white
18218,ARI CHECK SLIM D/C,gbb251172-228|white
18217,ARI CHECK SLIM D/C,gbb251172-228|white
18213,DELANO DOT PRINT S/C,gbb251091-102|blue
18209,DELANO DOT PRINT S/C,gbb251091-102|blue
18207,DELANO DOT PRINT S/C,gbb251091-102|blue
19095,WHITE STRIPE BROOKLYN SB02/01,whsb0201shirt|white
19094,WHITE STRIPE BROOKLYN SB02/01,whsb0201shirt|white
19102,NAVY FLORAL METROPOLIS,remsb3179shirt|navy
19100,NAVY FLORAL METROPOLIS,remsb3179shirt|navy
19392,LOTUS TROU BO33/75,rembo3375trou|blue
16739,LEWIS SV JACKET BN96/99,rembn9699jkt|black
16738,LEWIS SV JACKET BN96/99,rembn9699jkt|black
17509,LOTUS TROUSER BO91/79,rembo9179trou|blue
17558,ASTOR TROUSER BN96/99,rembn9699trou|black
15615,LOTUS TROUSER AA45/89,remaa45trou|
15602,COOPER SV BN02/79,rembn0279jkt|blue
14262,LOTUS TROUSER BN02/79,rembn0279trou|blue
19389,BLACK REMBRANDT BELT BLT07/99,remblt0799belt|black
17508,LOTUS TROUSER BO91/79,rembo9179trou|blue
25,PIERRE CARDIN SILK TIE,pcsilktie|
26,REMBRANDT SILK TIE,remsilktie|
28,GIANFRANCO FERRE TIE,gfsilktie|
29,GEOFFREY BEENE SILK TIE,gbsilktie|
31,J SCHMITZ SILK TIE,jschmitz|
85,HOLLYWOOD TROUSER AA45-89,remaa4589tho|
83,HOLLYWOOD TROUSER AA45-89,remaa4589tho|
9389,LENNON SV JACKET AO86-99,remao8699jls|
133,LENNON SV JACKET AO86-99,remao8699jls|
131,LENNON SV JACKET AO86-99,remao8699jls|
130,LENNON SV JACKET AO86-99,remao8699jls|
1499,LENNON SV JACKET AO86-99,remao8699jls|
1498,LENNON SV JACKET AO86-99,remao8699jls|
128,LENNON SV JACKET AO86-99,remao8699jls|
126,LENNON SV JACKET AO86-99,remao8699jls|
125,LENNON SV JACKET AO86-99,remao8699jls|
123,LENNON SV JACKET AO86-99,remao8699jls|
141,HOLLYWOOD TROUSER AO86/99,remao8699tho|
140,HOLLYWOOD TROUSER AO86/99,remao8699tho|
450,PARISIAN TAN PORTLAND BELT,parbeltportland|brown
477,VISCONTI SOCKS,vissocks|
581,PASSIGATTI SCARF,cbscarf43895|brown
4963,PASSIGATTI SCARF,cbscarf43895|charcoal
583,PASSIGATTI SCARF,cbscarf23332|brownlgt
585,PASSIGATTI SCARF 23410,cbscarf23410|
12326,HOLLYWOOD TROUSER,rem050hollywood|z50099 blk
637,HOLLYWOOD TROUSER,rem050hollywood|050099 blk
955,GB BUSINESS SHIRT S/C,gbb351102-121|white
954,GB BUSINESS SHIRT S/C,gbb351102-121|white
952,GB BUSINESS SHIRT S/C,gbb351102-121|white
951,GB BUSINESS SHIRT S/C,gbb351102-121|white
950,GB BUSINESS SHIRT S/C,gbb351102-121|white
949,GB BUSINESS SHIRT S/C,gbb351102-121|white
948,GB BUSINESS SHIRT S/C,gbb351102-121|white
963,GB BUSINESS SHIRT S/C,gbb351102-121|bluelgt
962,GB BUSINESS SHIRT S/C,gbb351102-121|bluelgt
961,GB BUSINESS SHIRT S/C,gbb351102-121|bluelgt
960,GB BUSINESS SHIRT S/C,gbb351102-121|bluelgt
959,GB BUSINESS SHIRT S/C,gbb351102-121|bluelgt
958,GB BUSINESS SHIRT S/C,gbb351102-121|bluelgt
957,GB BUSINESS SHIRT S/C,gbb351102-121|bluelgt
956,GB BUSINESS SHIRT S/C,gbb351102-121|bluelgt
972,GB BUSINESS SHIRT D/C,gbb351102-217|white
971,GB BUSINESS SHIRT D/C,gbb351102-217|white
970,GB BUSINESS SHIRT D/C,gbb351102-217|white
969,GB BUSINESS SHIRT D/C,gbb351102-217|white
968,GB BUSINESS SHIRT D/C,gbb351102-217|white
967,GB BUSINESS SHIRT D/C,gbb351102-217|white
966,GB BUSINESS SHIRT D/C,gbb351102-217|white
965,GB BUSINESS SHIRT D/C,gbb351102-217|white
1016,REMBRANDT COLTRANE BELT,parcoltranebelt|tan
1028,PIERRE CARDIN LAZARRE BELT,parlazarrebelt|black
1027,PIERRE CARDIN LAZARRE BELT,parlazarrebelt|black
1025,PIERRE CARDIN LAZARRE BELT,parlazarrebelt|black
1035,PARISIAN REVERSABLE BELT,parreversibbelt|black
1098,MONTI CASTELLO CASHMERE SCARF,parcashscarf|
1099,MONTI CASTELLO SILK SCARF,parsilkscarf|
1100,MOSCHINO SILK TIE,moschinotie|
1101,MOSCHINO POCKET SQUARE,moschinohank|
1102,MOSCHINO SCARF,moschinoscarf|
1230,MARCELLA WING DSHIRT,sum2410901dshir|white
1228,MARCELLA WING DSHIRT,sum2410901dshir|white
1227,MARCELLA WING DSHIRT,sum2410901dshir|white
1225,MARCELLA WING DSHIRT,sum2410901dshir|white
1224,MARCELLA WING DSHIRT,sum2410901dshir|white
1223,MARCELLA WING DSHIRT,sum2410901dshir|white
1239,SUMMIT PLEAT WING DSHIRT,sum2400901dshir|white
1238,SUMMIT PLEAT WING DSHIRT,sum2400901dshir|white
1237,SUMMIT PLEAT WING DSHIRT,sum2400901dshir|white
1236,SUMMIT PLEAT WING DSHIRT,sum2400901dshir|white
1235,SUMMIT PLEAT WING DSHIRT,sum2400901dshir|white
1234,SUMMIT PLEAT WING DSHIRT,sum2400901dshir|white
1233,SUMMIT PLEAT WING DSHIRT,sum2400901dshir|white
1427,BROOKLYN SHIRT SO74-68,whso7468shirt|bluedark
1426,BROOKLYN SHIRT SO74-68,whso7468shirt|bluedark
1431,PIERRE CARDIN POLY TIE,pcpolytie|
1550,LINKZ CUFFLINKS,cdcufflinks1|
1636,GB B201346-217 BUS SHIRT,gbb201346-217|bluedark
1663,SUMMIT BLACK LABEL SILK TIE,ambblklabeltie|
1721,LEATHER GLOVES POLY LINED M8876,m8876gloves|black
1720,LEATHER GLOVES POLY LINED M8876,m8876gloves|black
6305,LEATHER GLOVES WOOL LINED M330,m330gloves|brown
6304,LEATHER GLOVES WOOL LINED M330,m330gloves|brown
1728,LEATHER GLOVES WOOL LINED M330,m330gloves|black
1727,LEATHER GLOVES WOOL LINED M330,m330gloves|black
1726,LEATHER GLOVES WOOL LINED M330,m330gloves|black
1804,REMBRANDT CUFFLINKS,remcufflinks|
1810,PEARL TIE TACK,tietack|
1811,VISCONTI CUFF LINKS,viscufflinks|
1812,VISCONTI CUFFLINKS SOLID SILVER,viscufflinksss|
1815,SILK POCKET SQUARE,parsilkpocket|
1823,PEPE KINGSTON DENIMS B82,pepekingstonb82|bluedark
1856,FALKE 6837 JERSEY KNIT SOCK,fal6837sock|black
13217,FALKE 6837 JERSEY KNIT SOCK,fal6837sock|navy
1921,LEATHER GLOVES M390,eskm390gloves|black
1923,MICHEL ROUEN SCARF,mrscarf|
1941,LOTUS TROUSER Q647/55,remq64755trou|browndk
1940,LOTUS TROUSER Q647/55,remq64755trou|browndk
2070,VISCONTI SCARF,visscarf|
2074,MOSCHINO SCARF,mco1312scarf|browndk
2501,MICHEL ROUEN SILK TIE,mrsilktie|
2502,MONTI COSTELLO SILK TIE,mcsilktie|
2758,3672 CREW PULLOVER,sil3672knit|taupe
2763,3672 CREW PULLOVER,sil3672knit|blue
3184,VISCONTI SILK TIE,vissilktie|
3293,ASSORTED REMBRANDT SUIT,remassortsuit|
3291,ASSORTED REMBRANDT SUIT,remassortsuit|
3288,ASSORTED REMBRANDT SUIT,remassortsuit|
8887,ASSORTED REMBRANDT SUIT,remassortsuit|
5818,STAVROS SV O 2PC BA49/79,klba4979suit|navy
3601,PASSIGATTI SCARF,cbscarf23428|brownlgt
3626,ALMADA TROUSER 285-12,rem28512ctrou|brownlgt
3664,VISCONTI POLO SHIRT,vis7293sspolo|khaki
14137,MAXIM'S BOW TIE,parmaximbow|multi
3963,CUMBRIA BROADWAY XTROU AZ17/99,remaz1799suitxt|black
4048,GOLD KNOT STUD SET,visstudset6|gold
4074,BARRY SHORTS,pepepjm80856|navy
4089,GEORGE TEE SHIRT,pepepjm50012|silver
4123,SEVEN SHORT AY98/85,whay9885short|cream
13557,PIERRE CARDIN SLIM SILK TIE,pc2849ssilktie|brown
4754,PC COTTON VELOUTE TIE,pc3179ccottie|white
4319,STAPLE DENIM,remdkindigostp|bluedark
4313,STAPLE DENIM,remdkindigostp|bluedark
4336,FARRINGDON TEE SHIRT,pepepjm55686|grey
4355,LS SHIRT 15113,inn15113shirt|green
15388,TROUSER F344/89,remf34489trou|lotus
15387,TROUSER F344/89,remf34489trou|lotus
15386,TROUSER F344/89,remf34489trou|lotus
15385,TROUSER F344/89,remf34489trou|lotus
15384,TROUSER F344/89,remf34489trou|lotus
15383,TROUSER F344/89,remf34489trou|lotus
15382,TROUSER F344/89,remf34489trou|lotus
4704,TROUSER F344/89,remf34489trou|charcoal
4805,THE HURRICANE WG006,peroswg006|black
4807,ADMIRAL WM040,peroswm040|black
4840,CD CUFFLINKS,cdcufflinks2|
4944,PASSIGATTI SCARF,cb63674scarf|red
4950,PASSIGATTI SCARF,cb43980scarf|pink
4951,PASSIGATTI SCARF,cb43980scarf|purple
4949,PASSIGATTI SCARF,cb43980scarf|blue
4955,PASSIGATTI SCARF,cb28861scarf|charcoal
4958,PASSIGATTI SCARF,cb44009scarf|charcoal
5025,PARMONTCASTCASHSCARF,montcastcashsca|
5075,BROOKLYN SHIRT SS47/75,whss4775shirt|blue
5165,STUDS,ambstudssilv|
5167,MULTI COLOUR WOOL SOCKS,parsxwmsock|
13124,CAINE STEED 2PC BK67/85,rembk6785suit|
14553,REMBRANDT SUIT,remal3779suit|navy
5549,LOCHIEL CV OVERCOAT,remba74-99coat|black
5634,GEOFFREY BEENE STRIPE SHIRT,gbb111357-552|blue
5745,COTTON BLEND SCARF,montcastcotblen|
5746,MONTI CASTELLO SCARF,montcastscarf|
7186,LENNON SV JACKET,remaa4589jkt|
7188,LENNON SV JACKET,remaa4589jkt|
6195,LENNON SV JACKET,remaa4589jkt|
6194,LENNON SV JACKET,remaa4589jkt|
5775,LENNON SV JACKET,remaa4589jkt|
6862,LENNON SV JACKET,remaa4589jkt|
18544,LENNON SV JACKET,remaa4589jkt|
7100,LENNON SV JACKET,remaa4589jkt|
7187,LENNON SV JACKET,remaa4589jkt|
5774,LENNON SV JACKET,remaa4589jkt|
5773,LENNON SV JACKET,remaa4589jkt|
5772,LENNON SV JACKET,remaa4589jkt|
5771,LENNON SV JACKET,remaa4589jkt|
5770,LENNON SV JACKET,remaa4589jkt|
5769,LENNON SV JACKET,remaa4589jkt|
5768,LENNON SV JACKET,remaa4589jkt|
9565,LENNON SV JACKET,remaa4589jkt|
5909,FELLINI CUFFLINKS,parcufflinks|
5987,FELLINI BRACES LEATHER BACK,parbracesleathe|
6285,REFLEX BELT,parreflexbelt|tan
6286,REFLEX BELT,parreflexbelt|navy
17889,AERTEX B/THRU SS SHIRT,amb87556shirt|navy
17888,AERTEX B/THRU SS SHIRT,amb87556shirt|navy
17887,AERTEX B/THRU SS SHIRT,amb87556shirt|navy
17886,AERTEX B/THRU SS SHIRT,amb87556shirt|navy
6480,MONK BELT,remmonkbelt|brown
6476,MONK BELT,remmonkbelt|brown
9704,COOPER SUIT JACKET AV96/79,remav9679jkt|blue
6525,COOPER SUIT JACKET AV96/79,remav9679jkt|blue
6524,COOPER SUIT JACKET AV96/79,remav9679jkt|blue
6523,COOPER SUIT JACKET AV96/79,remav9679jkt|blue
6528,COOPER SUIT JACKET AV96/79,remav9679jkt|blue
9703,COOPER SUIT JACKET AV96/79,remav9679jkt|blue
6522,COOPER SUIT JACKET AV96/79,remav9679jkt|blue
6521,COOPER SUIT JACKET AV96/79,remav9679jkt|blue
6520,COOPER SUIT JACKET AV96/79,remav9679jkt|blue
6519,COOPER SUIT JACKET AV96/79,remav9679jkt|blue
6518,COOPER SUIT JACKET AV96/79,remav9679jkt|blue
6516,COOPER SUIT JACKET AV96/79,remav9679jkt|blue
7676,COOPER SUIT JACKET AV96/79,remav9679jkt|blue
10076,LOTUS TROUSER AV96/79,remav9679trou|blue
9705,LOTUS TROUSER AV96/79,remav9679trou|blue
6539,LOTUS TROUSER AV96/79,remav9679trou|blue
6538,LOTUS TROUSER AV96/79,remav9679trou|blue
6537,LOTUS TROUSER AV96/79,remav9679trou|blue
6536,LOTUS TROUSER AV96/79,remav9679trou|blue
6535,LOTUS TROUSER AV96/79,remav9679trou|blue
6534,LOTUS TROUSER AV96/79,remav9679trou|blue
6533,LOTUS TROUSER AV96/79,remav9679trou|blue
6532,LOTUS TROUSER AV96/79,remav9679trou|blue
6640,GRINDER SHORT,pepepjm883t42|blue
6637,GRINDER SHORT,pepepjm883t42|blue
6641,GRINDER SHORT,pepepjm883t42|blue
6652,WILLIAM T-SHIRT,pepepjm56414|grey
6658,JERRY T-SHIRT,pepepjm56460|cream
6701,VANTAGE SV JACKET BD52/80,rembd5280jkt|grey
6731,KUBRICK TROUSER BD46/70,rembd4670trou|bluelgt
6781,MULTI COLOURED COTTON SOCKS,parsxmsock|
6785,NEWTON HERRINGBONE TROUSER,rems03178-11|brown
7265,CARTER CASUAL PANT 396-06,rem39606ctrou|grey
6888,PEPE VAPOUR DENIM,pjm200043e10|black
6940,NEWMAN CHARCOAL CHK SHORT,remy01120-07|charcoal
6953,CLINTON SV JACKET,rembd1650jkt|khaki
7112,HOXTON JEAN RK1813,remrk1813denim|blue
7107,HOXTON JEAN RK1813,remrk1813denim|blue
7106,HOXTON JEAN RK1813,remrk1813denim|blue
7105,HOXTON JEAN RK1813,remrk1813denim|blue
7103,HOXTON JEAN RK1813,remrk1813denim|blue
7113,HOXTON JEAN RK1813,remrk1813denim|blue
15084,HOXTON JEAN RK1813,remrk1813denim|blue
7111,HOXTON JEAN RK1813,remrk1813denim|blue
7110,HOXTON JEAN RK1813,remrk1813denim|blue
7123,HOXTON JEAN SF1178EA,remsf1178e4jean|bluedark
7119,HOXTON JEAN SF1178EA,remsf1178e4jean|bluedark
7118,HOXTON JEAN SF1178EA,remsf1178e4jean|bluedark
7117,HOXTON JEAN SF1178EA,remsf1178e4jean|bluedark
7115,HOXTON JEAN SF1178EA,remsf1178e4jean|bluedark
7124,HOXTON JEAN SF1178EA,remsf1178e4jean|bluedark
7122,HOXTON JEAN SF1178EA,remsf1178e4jean|bluedark
7121,HOXTON JEAN SF1178EA,remsf1178e4jean|bluedark
7184,FRANK DANDY UNDERWEAR,fdunderwear|
7183,FRANK DANDY UNDERWEAR,fdunderwear|
7182,FRANK DANDY UNDERWEAR,fdunderwear|
7268,CLINTON SV JACKET BA96/99,remba9699jkt|black
7283,VALENCIA HAND PLAIT BELT,parvalenciabelt|brown
7278,VALENCIA HAND PLAIT BELT,parvalenciabelt|black
7277,VALENCIA HAND PLAIT BELT,parvalenciabelt|black
7514,REMBRANDT SUIT,remaq8799suit|black
7649,FLORSHEIM ACCORD SHOE,flo105330|black
7647,FLORSHEIM ACCORD SHOE,flo105330|black
7642,FLORSHEIM ACCORD SHOE,flo105330|black
7665,FLORSHEIM CAGE SHOE,flo105320|teak
7666,FLORSHEIM CAGE SHOE,flo105320|teak
7664,FLORSHEIM CAGE SHOE,flo105320|teak
7663,FLORSHEIM CAGE SHOE,flo105320|teak
7662,FLORSHEIM CAGE SHOE,flo105320|teak
7661,FLORSHEIM CAGE SHOE,flo105320|teak
7660,FLORSHEIM CAGE SHOE,flo105320|teak
7659,FLORSHEIM CAGE SHOE,flo105320|teak
7658,FLORSHEIM CAGE SHOE,flo105320|black
7656,FLORSHEIM CAGE SHOE,flo105320|black
7655,FLORSHEIM CAGE SHOE,flo105320|black
7654,FLORSHEIM CAGE SHOE,flo105320|black
7653,FLORSHEIM CAGE SHOE,flo105320|black
7651,FLORSHEIM CAGE SHOE,flo105320|black
7690,GB HANGCELL LS SHIRT,gbb122253-120|pink
7795,VEE FINE SLIM FIT,sil4370knit|charcoal
7872,KNOX CHINO TROUSER,whay0399ctrou|black
8032,PC SATIN DEAN BOWS,parbow|
8033,WOVEN SCARF (NATURAL FLEECE),jhenryscarf|
8166,SCARF,jfscarf|
8255,ODYSSEY SV JACKET,rembe6279jkt|navy
8254,ODYSSEY SV JACKET,rembe6279jkt|navy
8340,VANTAGE SV JACKET BD97/89,rembd9789jkt|charcoal
8494,BUNDABERG BOOT,flo106510|browndk
8493,BUNDABERG BOOT,flo106510|browndk
8644,HOXTON 287-06 TROUSER,rem28706ctrou|charcoal
8788,SILVER NEAT SINATRA SHIRT,remsu5980shirt|silver
8896,CUMBRIA BROADWAY 2PC,remo33279suit|navy
12727,REMBRANDT SUIT,rembb8289suit|charcoal
9030,REMBRANDT SUIT,rembb8289suit|charcoal
9027,REMBRANDT SUIT,rembb8289suit|charcoal
9365,LOTUS TROUSER BF77/79,rembf7779trou|blue
9473,BROOKLYN SHIRT SV25/49,whsv2549shirt|purple
9476,SINATRA SHIRT SV07/75,remsv0775shirt|blue
9491,SINATRA SHIRT SV12/10,remsv1210shirt|cream
9487,SINATRA SHIRT SV12/10,remsv1210shirt|cream
9486,SINATRA SHIRT SV12/10,remsv1210shirt|cream
9507,STEWART BDOWN SHIRT SU85/45,remsu8545shirt|red
9506,STEWART BDOWN SHIRT SU85/45,remsu8545shirt|red
9539,OMAHA SV JACKET,klbf7875jkt|blue
9624,DOWNING BROUGE SHOE,flodowning|brown
9625,DOWNING BROUGE SHOE,flodowning|brown
9623,DOWNING BROUGE SHOE,flodowning|brown
9621,DOWNING BROUGE SHOE,flodowning|brown
9616,DOWNING BROUGE SHOE,flodowning|black
9617,DOWNING BROUGE SHOE,flodowning|black
9615,DOWNING BROUGE SHOE,flodowning|black
9614,DOWNING BROUGE SHOE,flodowning|black
9613,DOWNING BROUGE SHOE,flodowning|black
9612,DOWNING BROUGE SHOE,flodowning|black
9611,DOWNING BROUGE SHOE,flodowning|black
9633,MEGA BOOT,flomega|steel
9643,METRO SHOE,flometro|olive
9636,METRO SHOE,flometro|olive
9678,CHURCHILL VEST,remaa4589vest|
9728,ASTON BELT,parastonbelt|blue
9727,ASTON BELT,parastonbelt|blue
9726,ASTON BELT,parastonbelt|blue
9738,DRAKE BELT,pardrakebelt|brown
9737,DRAKE BELT,pardrakebelt|brown
9732,DRAKE BELT,pardrakebelt|black
9779,FRANK DANDY TWIN PACK,fdtwinpack|white
9795,SUPREME SV JACKET,rembf3880jkt|beige
9892,ORIAN BSHIRT REGULAR,ornh06pr80/90|black
9962,GEOFFREY BEENE HANGCELL SHIRT,gbb222250-112|green
12539,COOPER SV JACKET BG05/89,rembg0589jkt|charcoal
9997,COOPER SV JACKET BG05/89,rembg0589jkt|charcoal
9996,COOPER SV JACKET BG05/89,rembg0589jkt|charcoal
10408,COOPER SV JACKET BG05/89,rembg0589jkt|charcoal
9995,COOPER SV JACKET BG05/89,rembg0589jkt|charcoal
9993,COOPER SV JACKET BG05/89,rembg0589jkt|charcoal
9992,COOPER SV JACKET BG05/89,rembg0589jkt|charcoal
9991,COOPER SV JACKET BG05/89,rembg0589jkt|charcoal
9990,COOPER SV JACKET BG05/89,rembg0589jkt|charcoal
9989,COOPER SV JACKET BG05/89,rembg0589jkt|charcoal
10004,COOPER SV JACKET BG05/89,rembg0589jkt|charcoal
13495,COOPER SV JACKET BG05/89,rembg0589jkt|charcoal
11156,LOTUS TROUSER BG05/89,rembg0589trou|charcoal
13175,LOTUS TROUSER BG05/89,rembg0589trou|charcoal
10075,LOTUS TROUSER BG05/89,rembg0589trou|charcoal
10013,LOTUS TROUSER BG05/89,rembg0589trou|charcoal
10012,LOTUS TROUSER BG05/89,rembg0589trou|charcoal
10011,LOTUS TROUSER BG05/89,rembg0589trou|charcoal
10010,LOTUS TROUSER BG05/89,rembg0589trou|charcoal
10009,LOTUS TROUSER BG05/89,rembg0589trou|charcoal
10008,LOTUS TROUSER BG05/89,rembg0589trou|charcoal
10007,LOTUS TROUSER BG05/89,rembg0589trou|charcoal
10006,LOTUS TROUSER BG05/89,rembg0589trou|charcoal
10036,MORTON DENIMS,pepepm2008762|blue
10060,FLAG LOGO TSHIRT,pepepm501193|cream
10057,FLAG LOGO TSHIRT,pepepm501193|cream
10065,MARLOW TSHIRT,pepepm501211|blue
10071,JIMMY POLO SHIRT,pepepm540238|navy
10070,JIMMY POLO SHIRT,pepepm540238|navy
10101,CUFFLINKS SEMI PRECIOUS,cdcufflinks3|
10142,SEMI BLEACHED PANAMA EQUADOR,hills993hat|neutral
10154,SLICK TRILBY,hills1329hat|black
10274,COOPER SV LOTUS BF74/00,rembf7400suit|black/white
10361,REMBRANDT SUIT,remaw8489suit|charcoal
10360,REMBRANDT SUIT,remaw8489suit|charcoal
10349,REMBRANDT SUIT,remaw8489suit|charcoal
14560,REMBRANDT SUIT,remaw8489suit|charcoal
17264,SUMMIT PLEAT SPCOLLAR DSHIRT,sum24000fdshir|white
10419,PARISIAN BELT,parasstbelt|brown
10416,PARISIAN BELT,parasstbelt|brown
10415,PARISIAN BELT,parasstbelt|brown
10557,BLOC CHINO,whva23928-49b|purple
11195,FAIRLIE V-NECK,remfair75knit|browndk
11194,FAIRLIE V-NECK,remfair75knit|browndk
13912,FAIRLIE V-NECK,remfair75knit|reddk
13911,FAIRLIE V-NECK,remfair75knit|reddk
13910,FAIRLIE V-NECK,remfair75knit|reddk
13867,FAIRLIE V-NECK,remfair75knit|green
10579,FAIRLIE V-NECK,remfair75knit|green
10578,FAIRLIE V-NECK,remfair75knit|green
10575,FAIRLIE V-NECK,remfair75knit|green
10569,FAIRLIE V-NECK,remfair75knit|purple
10568,FAIRLIE V-NECK,remfair75knit|purple
10567,FAIRLIE V-NECK,remfair75knit|purple
11200,FAIRLIE V-NECK,remfair75knit|red
11199,FAIRLIE V-NECK,remfair75knit|red
13864,FAIRLIE V-NECK,remfair75knit|blue
16842,FAIRLIE V-NECK,remfair75knit|tan
16841,FAIRLIE V-NECK,remfair75knit|tan
16840,FAIRLIE V-NECK,remfair75knit|tan
14060,FAIRLIE V-NECK,remfair75knit|brown
14059,FAIRLIE V-NECK,remfair75knit|brown
13861,FAIRLIE V-NECK,remfair75knit|black
11173,FAIRLIE V-NECK,remfair75knit|black
11172,FAIRLIE V-NECK,remfair75knit|black
11171,FAIRLIE V-NECK,remfair75knit|black
11169,FAIRLIE V-NECK,remfair75knit|black
10573,FAIRLIE V-NECK,remfair75knit|grey
17036,FAIRLIE V-NECK,remfair75knit|navy
17032,FAIRLIE V-NECK,remfair75knit|navy
10622,NEWTON CHINO,remvbg4785nt|
10641,STEEL SV MERCURY 2PC,remj77679suit|navy
10652,GB HANG CELL SHIRT,gbb132267-128|green
10659,GB HANG CELL SHIRT,gbb132281-121|browndk
10673,GB HANG CELL SHIRT,gbb132287-162|blue
10671,GB HANG CELL SHIRT,gbb132287-162|blue
10686,GEOFFREY BEENE BUSINESS SHIRT,gbb131136-128|blue
10684,GEOFFREY BEENE BUSINESS SHIRT,gbb131136-128|blue
10695,GB BUSINESS SHIRT,gbb131212-268|black
10904,STEEL SV MERCURY 2PC,remj70889suit|charcoal
10903,STEEL SV MERCURY 2PC,remj70889suit|charcoal
10902,STEEL SV MERCURY 2PC,remj70889suit|charcoal
10901,STEEL SV MERCURY 2PC,remj70889suit|charcoal
10909,BLOC CHINO,whvsd0263-18b|khaki
10927,LEATHER CASHMERE LINED GLOVE,esk040330glove|brown
10926,LEATHER CASHMERE LINED GLOVE,esk040330glove|brown
10925,LEATHER CASHMERE LINED GLOVE,esk040330glove|brown
10924,LEATHER CASHMERE LINED GLOVE,esk040330glove|brown
10922,LEATHER CASHMERE LINED GLOVE,esk040330glove|black
10921,LEATHER CASHMERE LINED GLOVE,esk040330glove|black
10938,LEATHER GLOVE KNITTED CUFF,esk040332glove|brown
10937,LEATHER GLOVE KNITTED CUFF,esk040332glove|brown
10936,LEATHER GLOVE KNITTED CUFF,esk040332glove|brown
10933,LEATHER GLOVE KNITTED CUFF,esk040332glove|black
10931,LEATHER GLOVE KNITTED CUFF,esk040332glove|black
10951,PLAIN WOOL SCARF,esk305102scarf|red
10980,GEOFFREY BEENE BUSINESS SHIRT,gbb131240-121|blue
10979,GEOFFREY BEENE BUSINESS SHIRT,gbb131240-121|blue
10989,GEOFFREY BEENE HANG CELL SHIRT,gbb132280-121|blue
11014,WOOL ALPACA SCARF,cb63906scarf|
11015,LAMBSWOOL ANGORA GLOVES,cb7516glove|
11076,FINE VEE NECK STRIPE,sil4472knit|charcoal
11082,FINE CREW NECK,sil4482knit|green
11122,BROWN LINEN SHIRT,oru11862lsshirt|brown
11331,NEWTON CHINO,remvbg4612nt|
11143,NEWTON CHINO,remvbg4612nt|
11190,CROMWELL CREW NECK,remcromknit|grey
11256,AERO TROUSER BG26/47,rembg2647trou|reddk
11253,AERO TROUSER BG26/47,rembg2647trou|reddk
11326,NEWTON CHINO,remvbg4547nt|reddk
11340,HOLLYWOOD TROUSER F372/99,remf37299trou|black
11339,HOLLYWOOD TROUSER F372/99,remf37299trou|black
11333,HOLLYWOOD TROUSER F372/99,remf37299trou|black
11370,HAWKE SV LOTUS 2PC BG04/89,rembg0489hawlt|charcoal
11369,HAWKE SV LOTUS 2PC BG04/89,rembg0489hawlt|charcoal
11407,LENNON JACKET AF37/59,remaf3759ljkt|black/white
11484,MERINO DRESS SOCK 2 PACK,fal96002sock|black
11501,LOTUS TROUSER F372/99,remf37299lotus|black
11500,LOTUS TROUSER F372/99,remf37299lotus|black
11499,LOTUS TROUSER F372/99,remf37299lotus|black
11498,LOTUS TROUSER F372/99,remf37299lotus|black
11497,LOTUS TROUSER F372/99,remf37299lotus|black
11540,NAVONA B SHIRT SW05/01,whsw0501bshirt|white
13335,ORIAN B SHIRT PU64/10,orpu6410bshirt|white
11559,ORIAN B SHIRT PU64/10,orpu6410bshirt|white
11558,ORIAN B SHIRT PU64/10,orpu6410bshirt|white
11557,ORIAN B SHIRT PU64/10,orpu6410bshirt|white
11556,ORIAN B SHIRT PU64/10,orpu6410bshirt|white
11555,ORIAN B SHIRT PU64/10,orpu6410bshirt|white
11566,ORIAN B SHIRT PR33/21,orpr3321bshirt|blue
11565,ORIAN B SHIRT PR33/21,orpr3321bshirt|blue
11563,ORIAN B SHIRT PR33/21,orpr3321bshirt|blue
11562,ORIAN B SHIRT PR33/21,orpr3321bshirt|blue
11579,REMBRANDT ELLINGTON BELT,remellingbelt|browndk
11575,REMBRANDT ELLINGTON BELT,remellingbelt|browndk
11635,GEOFFREY BEENE BUSINESS SHIRT,gbb231211-121|
11681,GEOFFREY BEENE LS SHIRT,gbb232702-126|white
11686,GEOFFREY BEENE BI FOLD WALLETT,gbb209007081|black
11721,BLOC CHINO S13-75,whs1375ctrou|blue
11720,BLOC CHINO S13-75,whs1375ctrou|blue
11730,BLOC CHINO BH49/65,whbh4965ctrou|teal
11733,BLOC CHINO BH49/65,whbh4965ctrou|teal
11748,SINATRA BUSINESS SHIRT SX01/75,remsx0175bshirt|blue
11791,CHURCHILL VEST AV9679,remav9679vest|blue
18111,CHURCHILL VEST AV9679,remav9679vest|blue
11864,LOTUS TROUSER BG86/89,rembg8689trou|charcoal
11936,MOD TROUSER BH21/69,whbh2169trou|teal
15082,LOTUS TROUSER AA45/89,remaa45trou|
11950,LOTUS TROUSER AA45/89,remaa45trou|
11949,LOTUS TROUSER AA45/89,remaa45trou|
11948,LOTUS TROUSER AA45/89,remaa45trou|
11947,LOTUS TROUSER AA45/89,remaa45trou|
11946,LOTUS TROUSER AA45/89,remaa45trou|
11945,LOTUS TROUSER AA45/89,remaa45trou|
11944,LOTUS TROUSER AA45/89,remaa45trou|
11943,LOTUS TROUSER AA45/89,remaa45trou|
12015,NICHOLSON SV LOTUS BH28/99,rembh2899suit|black
12065,MICHEL ROUEN SOCKS,mrsocks|multi
12098,CANNON SHIRT SW81/00,remsw8100bshirt|black/white
12116,SANTIAGO BUSINESS SHIRT,remsw9745bshirt|red
12145,SANTIAGO BUSINESS SHIRT,remsw5175bshirt|blue
12144,SANTIAGO BUSINESS SHIRT,remsw5175bshirt|blue
12158,ONEMANA SS SHIRT,remsw6875ssshir|
12180,CANNON BUSINESS SHIRT,remsw8070bshirt|bluelgt
12179,CANNON BUSINESS SHIRT,remsw8070bshirt|bluelgt
12178,CANNON BUSINESS SHIRT,remsw8070bshirt|bluelgt
12177,CANNON BUSINESS SHIRT,remsw8070bshirt|bluelgt
12202,BRYAN SV FORMAL JACKET,remaw8399bryan|black
12248,GEOFFREY BEENE BUSINESS SHIRT,gbb231241-202|bluelgt
12247,GEOFFREY BEENE BUSINESS SHIRT,gbb231241-202|bluelgt
12246,GEOFFREY BEENE BUSINESS SHIRT,gbb231241-202|bluelgt
12285,GEOFFREY BEENE BUSINESS SHIRT,gbb231202-128|pink
12283,GEOFFREY BEENE BUSINESS SHIRT,gbb231202-128|pink
12432,LIBERTY COTTON TIE,libertytie|
12433,,libertybow|
12446,PROTO JACKET BC23/99,whbc2399proto|black
12457,PUNK TROUSER BC23/99,whbc2399punk|black
12456,PUNK TROUSER BC23/99,whbc2399punk|black
12516,LOTUS TROUSER BH64/80,rembh6480trou|grey
12515,LOTUS TROUSER BH64/80,rembh6480trou|grey
12513,LOTUS TROUSER BH64/80,rembh6480trou|grey
19312,LEWIS SV JACKET,rembj8379jkt|navy
12623,ROBERT CHARLES BELT,rob3751belt|brown
12622,ROBERT CHARLES BELT,rob3751belt|brown
12621,ROBERT CHARLES BELT,rob3751belt|brown
12620,ROBERT CHARLES BELT,rob3751belt|brown
12617,ROBERT CHARLES BELT,rob3751belt|black
12615,ROBERT CHARLES BELT,rob3751belt|black
14544,REMBRANDT SUIT,remaa4589suit|charcoal
14543,REMBRANDT SUIT,remaa4589suit|charcoal
12666,NICHOLSON SV LOTUS 2PC,rembl1179suit|navy
12765,COOPER SV LOTUS 2PC,rembc3399suit|black
14520,ASSORTED REMBRANDT SUIT,remassort2pc|r
12984,NICHOLSON SV-LOTUS 2PC,rembl4879suit|navy
12983,NICHOLSON SV-LOTUS 2PC,rembl4879suit|navy
13161,LOTUS TROUSER 0500,rem050lotus|black
19385,CUMBRIA SV JACKET BM21/79,rembm2179jkt|navy
19384,CUMBRIA SV JACKET BM21/79,rembm2179jkt|navy
19178,CUMBRIA SV JACKET BM21/79,rembm2179jkt|navy
19387,HOLLYWOOD TROUSER BM21/79,rembm2179trou|navy
19386,HOLLYWOOD TROUSER BM21/79,rembm2179trou|navy
13188,FALKE 6757 WOOL STRIPED SOCK,fal6757sock|
16060,CUMBRIA SV JACKET,remaz1499jkt|black
13198,CUMBRIA SV JACKET,remaz1499jkt|black
13204,RED CHECK LS SHIRT,orw106lsshirt|
13202,RED CHECK LS SHIRT,orw106lsshirt|
15893,HOLLYWOOD TROU,remaz1589h/trou|charcoal
13565,HOLLYWOOD TROU,remaz1589h/trou|charcoal
13293,GB NON-IRON COTTON/POLY,gbb141102-128|red
13285,GB NON-IRON COTTON/POLY,gbb141102-128|navy
13312,GB SHIRT SLIM S/C,gbb351202-121|white
13311,GB SHIRT SLIM S/C,gbb351202-121|white
13310,GB SHIRT SLIM S/C,gbb351202-121|white
13309,GB SHIRT SLIM S/C,gbb351202-121|white
13308,GB SHIRT SLIM S/C,gbb351202-121|white
13307,GB SHIRT SLIM S/C,gbb351202-121|white
13306,GB SHIRT SLIM S/C,gbb351202-121|white
13305,GB SHIRT SLIM S/C,gbb351202-121|white
13329,ORION B SHIRT PQ42/30,orpq4230bshirt|pink
13354,FRAAS WOOL KNITTED SCARF,esk230039scarf|127grey
13360,FRAAS CASHMERE &amp; WOOL PLAIN SCARF,esk462101scarf|200navy
13359,FRAAS CASHMERE &amp; WOOL PLAIN SCARF,esk462101scarf|132red
13358,FRAAS CASHMERE &amp; WOOL PLAIN SCARF,esk462101scarf|130wine
13384,RIMINI SV JKT,whbh9755jkt|brown
13443,NEWTON TROUSER,remvw1447nt|maroon
13448,CANNON B/SHIRT SX3749,remsx3749bshirt|purple
13560,LINEN CAP 3222,hills3222cap|grey
13562,MOSCHINO SCARF,mosscarfasst|
13564,VISCONTI LONG SOCK,vislongsock|black
13612,GRESHAM SV LOTUS 2PC,rembj6379suit|navy
13623,GRESHAM SV-LOTUS BJ28/89,rembj2889suit|grey
13622,GRESHAM SV-LOTUS BJ28/89,rembj2889suit|grey
13706,SANTIAGO B/SHIRT SX57/49,remsx5749shirt|purple
13717,METROPOLIS B/SHIRT SX28/49,remsx2849shirt|purple
13716,METROPOLIS B/SHIRT SX28/49,remsx2849shirt|purple
13722,METROPOLIS B/SHIRT SX13/75,remsx1375shirt|blue
13733,GB BUSINESS SHIRT,gbb141061-168|blue
13732,GB BUSINESS SHIRT,gbb141061-168|blue
13844,VANTAGE SV JKT BJ52/55,rembj5255jkt|brown
13927,NAVONA B/SHIRT SX88-45,whsx8845shirt|red
13926,NAVONA B/SHIRT SX88-45,whsx8845shirt|red
13970,ESSENTIAL CREW NECK PULLOVER,fiebl4515knit|beige
13980,MONTI CASTELLO WOOL SCARF,parwoolscarf|red
13979,MONTI CASTELLO WOOL SCARF,parwoolscarf|brown
13976,MONTI CASTELLO WOOL SCARF,parwoolscarf|navy
14031,PIN CORD CADDY CAP,wh3204cap|navy
14113,SANTIAGO B/SHIRT SX5975,remsx5975bshirt|blue
14124,BENMORE CARCOAT BH99/99,rembh9999coat|black
14135,WHITE SANTIAGO SY10/01,remsy1001bshirt|white
14134,WHITE SANTIAGO SY10/01,remsy1001bshirt|white
14133,WHITE SANTIAGO SY10/01,remsy1001bshirt|white
14132,WHITE SANTIAGO SY10/01,remsy1001bshirt|white
14131,WHITE SANTIAGO SY10/01,remsy1001bshirt|white
14130,WHITE SANTIAGO SY10/01,remsy1001bshirt|white
14129,WHITE SANTIAGO SY10/01,remsy1001bshirt|white
14163,BARATHEA DE SAVOY BOW,partiebow|black
14165,FULTON STORM UMBRELLA,fulstormumbrell|black
14179,PROTO SV/PUNK 2PC BG63/99,whbg6399suit|black
14206,CLASSIC PINSTRIPE CAP 7224,hills7224cap|blue
14210,SINATRA B/SHIRT SX48/55,remsx4855shirt|brown
14221,MITCHELL C/SHIRT SX71/85,remsx7185shirt|grey
15536,COOPER SV BN02/79,rembn0279jkt|blue
17883,COOPER SV BN02/79,rembn0279jkt|blue
14256,COOPER SV BN02/79,rembn0279jkt|blue
14255,COOPER SV BN02/79,rembn0279jkt|blue
14253,COOPER SV BN02/79,rembn0279jkt|blue
14257,COOPER SV BN02/79,rembn0279jkt|blue
14252,COOPER SV BN02/79,rembn0279jkt|blue
14251,COOPER SV BN02/79,rembn0279jkt|blue
14250,COOPER SV BN02/79,rembn0279jkt|blue
14249,COOPER SV BN02/79,rembn0279jkt|blue
14248,COOPER SV BN02/79,rembn0279jkt|blue
14247,COOPER SV BN02/79,rembn0279jkt|blue
14246,COOPER SV BN02/79,rembn0279jkt|blue
15604,COOPER SV BN02/79,rembn0279jkt|blue
15603,LOTUS TROUSER BN02/79,rembn0279trou|blue
17884,LOTUS TROUSER BN02/79,rembn0279trou|blue
17210,LOTUS TROUSER BN02/79,rembn0279trou|blue
14269,LOTUS TROUSER BN02/79,rembn0279trou|blue
14268,LOTUS TROUSER BN02/79,rembn0279trou|blue
14267,LOTUS TROUSER BN02/79,rembn0279trou|blue
14266,LOTUS TROUSER BN02/79,rembn0279trou|blue
14265,LOTUS TROUSER BN02/79,rembn0279trou|blue
14264,LOTUS TROUSER BN02/79,rembn0279trou|blue
14263,LOTUS TROUSER BN02/79,rembn0279trou|blue
14285,DARK GREEN STRIPE 8CM TIE 79-69,remtie7969|green
14299,PIERRE CARDIN SILK&amp;WOOL TIE,pcsilkwooltie|
14321,DR SPRINGERS MERINO HEALTH,ds960017socks|black
14320,DR SPRINGERS MERINO HEALTH,ds960017socks|black
19107,SANDERS SS PLAIN TIE,sanplaintie|multi
17455,REVERSIBLE BELT,remreversebelt|black
17453,REVERSIBLE BELT,remreversebelt|black
16268,REVERSIBLE BELT,remreversebelt|black
16267,REVERSIBLE BELT,remreversebelt|black
14507,ORIAN B SHIRT PP27/20,orpp2720bshirt|bluelgt
14506,ORIAN B SHIRT PP27/20,orpp2720bshirt|bluelgt
14504,ORIAN B SHIRT PP27/20,orpp2720bshirt|bluelgt
14503,ORIAN B SHIRT PP27/20,orpp2720bshirt|bluelgt
14502,ORIAN B SHIRT PP27/20,orpp2720bshirt|bluelgt
14516,ORIAN B SHIRT PS51/24,orps5124bshirt|blue
14515,ORIAN B SHIRT PS51/24,orps5124bshirt|blue
14514,ORIAN B SHIRT PS51/24,orps5124bshirt|blue
14513,ORIAN B SHIRT PS51/24,orps5124bshirt|blue
14512,ORIAN B SHIRT PS51/24,orps5124bshirt|blue
14510,ORIAN B SHIRT PS51/24,orps5124bshirt|blue
19299,REMBRANDT SUIT,remaw8399suit|black
15496,SAVOYE SV MERCURY 2PC,rembf3079suit|navy
19315,REMBRANDT SUIT,rembf8279suit|navy
14585,REMBRANDT SUIT,rembf8279suit|navy
14614,HALCYON SV JKT BM40/75,rembm4075jkt|navy
14613,HALCYON SV JKT BM40/75,rembm4075jkt|navy
14612,HALCYON SV JKT BM40/75,rembm4075jkt|navy
14611,HALCYON SV JKT BM40/75,rembm4075jkt|navy
14610,HALCYON SV JKT BM40/75,rembm4075jkt|navy
14609,HALCYON SV JKT BM40/75,rembm4075jkt|navy
15894,HOLLYWOOD TROUSER AZ14/99,remaz1499hwood|black
14651,FLORSHEIM CROWN DRIVER,flo crown|bordo vachetta
14649,FLORSHEIM CROWN DRIVER,flo crown|bordo vachetta
14648,FLORSHEIM CROWN DRIVER,flo crown|bordo vachetta
14646,FLORSHEIM CROWN DRIVER,flo crown|bordo vachetta
14645,FLORSHEIM CROWN DRIVER,flo crown|bordo vachetta
14669,FLORSHEIM ALMANSA BOOT,flo almansa|brown
14666,FLORSHEIM ALMANSA BOOT,flo almansa|brown
14662,FLORSHEIM ALMANSA BOOT,flo almansa|brown
14660,FLORSHEIM ALMANSA BOOT,flo almansa|black
14658,FLORSHEIM ALMANSA BOOT,flo almansa|black
14657,FLORSHEIM ALMANSA BOOT,flo almansa|black
14656,FLORSHEIM ALMANSA BOOT,flo almansa|black
14655,FLORSHEIM ALMANSA BOOT,flo almansa|black
14654,FLORSHEIM ALMANSA BOOT,flo almansa|black
14718,AERTEX S/S SHIRT 88296,amb88296sshirt|blue
14826,OSCAR OXFORD S/C SLIM,gbb242962-126|green
14799,OSCAR OXFORD S/C SLIM,gbb242962-126|green
14821,HAWKES HERRINGBONE D/C,gbb241651-204|white
14851,GARAGE KHAKI VS1416GA,whvs1416gactrou|khaki
14931,HOXTON BLUE VS1475HX,remvs1475hxtrou|blue
14871,PEGASUS CV-LOTUS BM39/75,rembm3975suit|bluelgt
14870,PEGASUS CV-LOTUS BM39/75,rembm3975suit|bluelgt
14878,CARNABY SV JACKET BM56/16,whbm5616jkt|khaki
14885,CORNWALL SV JACKET BM95/79,rembm9579jkt|blue
14884,CORNWALL SV JACKET BM95/79,rembm9579jkt|blue
14883,CORNWALL SV JACKET BM95/79,rembm9579jkt|blue
14892,HALCYON SV JACKET BM43/55,rembm4355jkt|brown
14891,HALCYON SV JACKET BM43/55,rembm4355jkt|brown
14910,PROTO SV/PUNK 2PC BN06/75,whbn0675suit|blue
14908,PROTO SV/PUNK 2PC BN06/75,whbn0675suit|blue
14917,PROTO SV/PUNK 2PC BM75/75,whbm7575suit|blue
14916,PROTO SV/PUNK 2PC BM75/75,whbm7575suit|blue
14915,PROTO SV/PUNK 2PC BM75/75,whbm7575suit|blue
14926,ASTOR TROUSER BM33/75,rembm3375dtrou|blue
14946,BLUE BROSNAN SX38-75 SHIRT,remsx3875shirt|blue
15016,BROWN STRIPE WHITE SY55-50 B/SHIRT,remsy5550bshirt|brown
15014,BROWN STRIPE WHITE SY55-50 B/SHIRT,remsy5550bshirt|brown
15013,BROWN STRIPE WHITE SY55-50 B/SHIRT,remsy5550bshirt|brown
15010,BROWN STRIPE WHITE SY55-50 B/SHIRT,remsy5550bshirt|brown
15032,GRESHAM SV-LOTUS SUIT BM99/85,rembm9985suit|grey
15031,GRESHAM SV-LOTUS SUIT BM99/85,rembm9985suit|grey
15030,GRESHAM SV-LOTUS SUIT BM99/85,rembm9985suit|grey
15029,GRESHAM SV-LOTUS SUIT BM99/85,rembm9985suit|grey
15039,GRESHAM SV-LOTUS SUIT BM33/75,rembm3375suit|blue
15038,GRESHAM SV-LOTUS SUIT BM33/75,rembm3375suit|blue
15037,GRESHAM SV-LOTUS SUIT BM33/75,rembm3375suit|blue
15043,LIBERTY POCKET SQUARE,libertypktsq|multi
15045,LIBERTY COTTON TIE,libertypartie|multi
15047,JACKIE CHAN TRILBY 1297,hill1297trilby|black
15049,ON BOARD TRILBY,hill1366trilby|tan
15051,BLEACHED ECUDORIAN PANAMA TRILBY,hill897trilby|white
15088,OWN MATERIAL BOWS,parbowtie|multi
16071,LOTUS TROUSER AO86/99,remao86lotus|black
16358,LOTUS TROUSER AO86/99,remao86lotus|black
15099,LOTUS TROUSER AO86/99,remao86lotus|black
15098,LOTUS TROUSER AO86/99,remao86lotus|black
15097,LOTUS TROUSER AO86/99,remao86lotus|black
15096,LOTUS TROUSER AO86/99,remao86lotus|black
15095,LOTUS TROUSER AO86/99,remao86lotus|black
15094,LOTUS TROUSER AO86/99,remao86lotus|black
15093,LOTUS TROUSER AO86/99,remao86lotus|black
15161,FERNANDEZ STRIPE S/C,gbb241592-118|navy
15160,FERNANDEZ STRIPE S/C,gbb241592-118|navy
15159,FERNANDEZ STRIPE S/C,gbb241592-118|navy
15176,BLUE MOORE SV58-75 C/SHIRT,remsv5875shirt|blue
15172,BLUE MOORE SV58-75 C/SHIRT,remsv5875shirt|blue
15183,PINK MOORE SV07-40 C/SHIRT,remsz0740shirt|pink
15212,NOVANA CHECK SZ18-40 B/SHIRT,whsz1840shirt|pink
15210,NOVANA CHECK SZ18-40 B/SHIRT,whsz1840shirt|pink
15215,ONEMANA STRIPE SY54-45 S/S SHIRT,remsy5445shirt|red
15231,LUCKY CHECK SY39-80 C/SHIRT,remsy3980shirt|grey
15243,ONEMANA SW82-75 S/S SHIRT,remsw8279shirt|navy
15262,BROOKLYN SY36-75 C/SHIRT,whsy3675shirt|blue
15285,MIRAGE VS1475MI S/S POLO,whvs1475mishirt|blue
15293,HALCYON SV JACKET BM37/55,rembm3755jkt|brown
15304,BECK TROUSER BM37/55,rembm3755trou|brown
15356,LOTUS TROUSER BM52/50,rembm5250trou|brown
15355,LOTUS TROUSER BM52/50,rembm5250trou|brown
15368,LOTUS TROUSER BJ59/79,rembj5979trou|blue
15371,SONIC STRAW PORK PIE HAT,hills1249hat|
15372,AMERICANA FEDORA,hills894hat|
15411,LOTUS TROUSER A685/12,rema68512trou|beige
15410,LOTUS TROUSER A685/12,rema68512trou|beige
15417,BOGART STRAW TRILBY 1282,hill1282trilby|khaki
15441,CRAB CRAY SEMI SOLID S/C,gbb241491-104|blue
15454,CAYE VERTE CHECK S/C,gbb241502-128|multi
15448,CAYE VERTE CHECK S/C,gbb241502-128|multi
15498,REMBRANDT SILK TIES,remsilktiepar|multi
15500,REMBRANDT LINEN POCHETTE,parlinenpkt|multi
15516,PARISIAN LINEN POCHETTE,parlinenpoc|multi
15527,FREDERICK A L/S SHIRT 10604,amb10604shirt|multi
15526,FREDERICK A L/S SHIRT 10604,amb10604shirt|multi
15576,BRYAN SV JKT BF77/79,rembf7779bryan|navy
15597,ORIAN C/SHIRT S586/24,ors58624cshirt|navy
15645,TWO-UP TRILBY 1341 HAT,hills1341trilby|
15657,SELF CHECK NOVANA SHIRT SY59-01,whsy5901shirt|white
15673,BLUE CHECK BROOKLYN SY85-75,whsy8575cshirt|blue
15696,S/S CHECK ONEMANA SY53-85,remsy5385sshirt|grey
15695,S/S CHECK ONEMANA SY53-85,remsy5385sshirt|grey
15733,BLUE CHECK SANTIAGO SY71-70,remsy7170bshirt|blue
15729,BLUE CHECK SANTIAGO SY71-70,remsy7170bshirt|blue
15728,BLUE CHECK SANTIAGO SY71-70,remsy7170bshirt|blue
15741,GREY BROOKLYN SY83-80,whsy8380bshirt|grey
15739,GREY BROOKLYN SY83-80,whsy8380bshirt|grey
15738,GREY BROOKLYN SY83-80,whsy8380bshirt|grey
15778,HALCYON JACKET BM36/75,rembm3675jkt|blue
15777,HALCYON JACKET BM36/75,rembm3675jkt|blue
15776,HALCYON JACKET BM36/75,rembm3675jkt|blue
15773,HALCYON JACKET BM36/75,rembm3675jkt|blue
15786,BECK TROUSER BM36/75,rembm3675trou|blue
15785,BECK TROUSER BM36/75,rembm3675trou|blue
15793,ASTOR TROUSER BM90/69,rembm9069trou|green
15791,ASTOR TROUSER BM90/69,rembm9069trou|green
15804,BACTRIAN CV JKT BM58/75,whbm5875jkt|blue
15810,HALCYON SV JKT BM94/69,rembm9469jkt|green
15808,HALCYON SV JKT BM94/69,rembm9469jkt|green
15806,HALCYON SV JKT BM94/69,rembm9469jkt|green
15817,ODYSSEY SV JKT BM28/80,rembm2880jkt|grey
15814,ODYSSEY SV JKT BM28/80,rembm2880jkt|grey
15827,HALCYON SV JACKET BM47/85,rembm4785jkt|grey
15824,HALCYON SV JACKET BM47/85,rembm4785jkt|grey
15823,HALCYON SV JACKET BM47/85,rembm4785jkt|grey
15822,HALCYON SV JACKET BM47/85,rembm4785jkt|grey
15841,BLUE STRIPE METROPOLIS SY94-75,remsy9475bshirt|blue
15840,BLUE STRIPE METROPOLIS SY94-75,remsy9475bshirt|blue
15849,PURPLE METROPOLIS SZ02-49,remsz0249bshirt|purple
15866,BROWN REMBRANDT BELT BLT08-59,remblt0859belt|brown
15865,BROWN REMBRANDT BELT BLT08-59,remblt0859belt|brown
15864,BROWN REMBRANDT BELT BLT08-59,remblt0859belt|brown
15863,BROWN REMBRANDT BELT BLT08-59,remblt0859belt|brown
15862,BROWN REMBRANDT BELT BLT08-59,remblt0859belt|brown
15861,BROWN REMBRANDT BELT BLT08-59,remblt0859belt|brown
19322,BROWN REMBRANDT BELT BLT08-59,remblt0859belt|brown
15882,PIERRE COTTON &amp; LINEN TIE,pccotlintie|multi
15949,LEWIS SV ASTOR BJ42/69,rembj4269suit|green
15948,LEWIS SV ASTOR BJ42/69,rembj4269suit|green
15997,NICHOLSON SV-LOTUS 2PC BF51/70,rembf5170suit|blue
16010,SAVOYE SV-MERCURY 2PC BF0779,rembf0779suit|blue
16922,CUMBRIA SV JACKET AZ15/89,remaz1589cumbri|charcoal
16080,CUMBRIA SV JACKET AZ15/89,remaz1589cumbri|charcoal
16094,WHITE CHECK BROSNAN SY59-01,remsy5901bshirt|white
16105,LEWIS SV ASTOR BJ37/47,rembj3747suit|red
16308,PIERRE CARDIN REG FIT 29303T,pc29303tbshirt|blue
16322,PIERRE CARDIN REG FIT 29192T,pc29192tbshirt|blue
16318,PIERRE CARDIN REG FIT 29192T,pc29192tbshirt|blue
16316,PIERRE CARDIN REG FIT 29192T,pc29192tbshirt|blue
16367,SHEEN SV JKT BN79/75,rembn7975spjkt|blue
16364,SHEEN SV JKT BN79/75,rembn7975spjkt|blue
16363,SHEEN SV JKT BN79/75,rembn7975spjkt|blue
16379,MONTI COSTELLO TIE ASST,parmontiassttie|multi
19311,LEWIS SV JKT BN77/75,rembn7775jkt|blue
16407,ASTOR TROUSER BN77/75,rembn7775trou|blue
16425,ESSENTIAL CREW NECK BL5511,fiebl5511knit|red
16424,ESSENTIAL CREW NECK BL5511,fiebl5511knit|red
16423,ESSENTIAL CREW NECK BL5511,fiebl5511knit|red
16420,ESSENTIAL CREW NECK BL5511,fiebl5511knit|blue
16419,ESSENTIAL CREW NECK BL5511,fiebl5511knit|blue
16418,ESSENTIAL CREW NECK BL5511,fiebl5511knit|blue
16417,ESSENTIAL CREW NECK BL5511,fiebl5511knit|blue
16416,ESSENTIAL CREW NECK BL5511,fiebl5511knit|blue
16431,ESSENTIAL VEE NECK BL5512,fiebl5512knit|charcoal
16429,ESSENTIAL VEE NECK BL5512,fiebl5512knit|charcoal
16438,FRAAS CASHMERE SCARF 410023,hills410023scar|multi
16441,FRAAS CASHMERE PLAIN SCARF 410100,hills410100scar|purple
16440,FRAAS CASHMERE PLAIN SCARF 410100,hills410100scar|red
16443,FRAAS MERINO/CASHMERE BLEND,hills462014scar|green
16446,FRAAS MERINO/CASHMERE BLEND,hills462101scar|orange
16447,FRAAS MERINO/CASHMERE BLEND,hills462101scar|blue
16445,FRAAS MERINO/CASHMERE BLEND,hills462101scar|charcoal
16456,FLATBUSH CHECK S/C,gbb151411-128|blue
16461,SOUTH CARONA STRIPE S/C,gbb151401-121|navy
16460,SOUTH CARONA STRIPE S/C,gbb151401-121|navy
16458,SOUTH CARONA STRIPE S/C,gbb151401-121|navy
16474,GOWANUS STRIPE S/C,gbb151102-128|pink
16473,GOWANUS STRIPE S/C,gbb151102-128|pink
16472,GOWANUS STRIPE S/C,gbb151102-128|pink
16468,GOWANUS STRIPE S/C,gbb151102-128|pink
16483,MENDON CHECK S/C,gbb151502-128|blue
16482,MENDON CHECK S/C,gbb151502-128|blue
16481,MENDON CHECK S/C,gbb151502-128|blue
16480,MENDON CHECK S/C,gbb151502-128|blue
16478,MENDON CHECK S/C,gbb151502-128|blue
16516,ROCHESTER ROYAL OXFORD,gbb151061-102|charcoal
16515,ROCHESTER ROYAL OXFORD,gbb151061-102|charcoal
16514,ROCHESTER ROYAL OXFORD,gbb151061-102|charcoal
16488,SPENCERPORT STRIPE S/C,gbb151181-121|red
16486,SPENCERPORT STRIPE S/C,gbb151181-121|red
16496,SPENCERPORT STRIPE S/C,gbb151181-121|navy
16528,SUNSET SELF STRIPE S/C,gbb152042-228|white
16542,CONDUIT CHECK S/C,gbb152262-128|blue
16541,CONDUIT CHECK S/C,gbb152262-128|blue
16539,CONDUIT CHECK S/C,gbb152262-128|blue
16547,BENNET CHECK S/C,gbb152732-129|navy
16552,SEVENTH AVENUE STRIPE S/C,gbb152822-128|red
16566,ODYSSEY SV JACKT BN95/59,rembn9559jkt|brown
16570,RIMINI SV JACKET BN72/79,whbn7279jkt|blue
16581,PROTO SV-PUNK SUIT BN93/79,whbn9379suit|blue
16580,PROTO SV-PUNK SUIT BN93/79,whbn9379suit|blue
16579,PROTO SV-PUNK SUIT BN93/79,whbn9379suit|blue
16578,PROTO SV-PUNK SUIT BN93/79,whbn9379suit|blue
16577,PROTO SV-PUNK SUIT BN93/79,whbn9379suit|blue
16576,PROTO SV-PUNK SUIT BN93/79,whbn9379suit|blue
16609,PROTO SV-PUNK SUIT BN93/79,whbn9379suit|blue
16593,LOTUS TROUSER BN93/79,rembn9379trou|blue
16605,LOTUS TROUSER BO13/85,rembo1385trou|grey
16604,LOTUS TROUSER BO13/85,rembo1385trou|grey
16603,LOTUS TROUSER BO13/85,rembo1385trou|grey
16635,LOTUS TROUSER BN89/79,rembn8979trou|blue
16631,LOTUS TROUSER BN89/79,rembn8979trou|blue
16629,LOTUS TROUSER BN89/79,rembn8979trou|blue
16641,GINGHAM SINATRA SHIRT SA30/75,remsa3075bshirt|blue
16654,CHECK BRADLEY BSHIRT SZ55/65,remsz5565bshirt|green
16652,CHECK BRADLEY BSHIRT SZ55/65,remsz5565bshirt|green
16651,CHECK BRADLEY BSHIRT SZ55/65,remsz5565bshirt|green
16659,SPOT BROOKLYN SA51/75 CSHIRT,whsa5175cshirt|blue
16676,CHECK BROSNAN BSHIRT SZ52/75,remsz5275bshirt|pink
16675,CHECK BROSNAN BSHIRT SZ52/75,remsz5275bshirt|pink
16672,CHECK BROSNAN BSHIRT SZ52/75,remsz5275bshirt|pink
16670,CHECK BROSNAN BSHIRT SZ52/75,remsz5275bshirt|pink
16685,BROSNAN BSHIRT SA16/40,remsa1640bshirt|pink
16683,BROSNAN BSHIRT SA16/40,remsa1640bshirt|pink
16680,BROSNAN BSHIRT SA16/40,remsa1640bshirt|pink
16678,BROSNAN BSHIRT SA16/40,remsa1640bshirt|pink
16694,STRIPE &amp; DOT BROSNAN SZ81/75,remsz8175bshirt|blue
16693,STRIPE &amp; DOT BROSNAN SZ81/75,remsz8175bshirt|blue
16691,STRIPE &amp; DOT BROSNAN SZ81/75,remsz8175bshirt|blue
16690,STRIPE &amp; DOT BROSNAN SZ81/75,remsz8175bshirt|blue
16706,CHECK PIERCE SA31/79 CSHIRT,remsa3179cshirt|navy
16705,CHECK PIERCE SA31/79 CSHIRT,remsa3179cshirt|navy
16718,PINUP PRINT PIERCE SZ76/75,remsz7675cshirt|blue
16717,PINUP PRINT PIERCE SZ76/75,remsz7675cshirt|blue
16715,PINUP PRINT PIERCE SZ76/75,remsz7675cshirt|blue
16714,PINUP PRINT PIERCE SZ76/75,remsz7675cshirt|blue
16725,PUNK TROUSER,whbn9379trou|blue
16795,CHECK PAPAMOA SHIRT SZ69/55,remsz6955cshirt|brown
16817,RIMINI SV JACKET BN39/75,whbn3975jkt|teal
16820,DRUMMOND CV OVERCOAT BN20/14,rembn2014coat|tan
16830,COOPER SV-LOTUS BN36/89,rembn3689suit|grey
16827,COOPER SV-LOTUS BN36/89,rembn3689suit|grey
16834,CORNWALL JACKET BN28/79,rembn2879jkt|blue
16856,GRESHAM SV LOTUS SUIT BN62/79,rembn6279suit|blue
16878,WAITS VEST BN49/79,whbn4979vest|blue
16889,ODYSSEY SV JACKET BO02/89,rembo0289jkt|black
16888,ODYSSEY SV JACKET BO02/89,rembo0289jkt|black
16887,ODYSSEY SV JACKET BO02/89,rembo0289jkt|black
16886,ODYSSEY SV JACKET BO02/89,rembo0289jkt|black
16896,GRESHAM SV-LOTUS SUIT BN74/85,rembn7485suit|grey
16903,CUSACK SV JKT BN25/79,rembn2579jkt|navy
16900,CUSACK SV JKT BN25/79,rembn2579jkt|navy
16914,TAILORED FIT FINE 1/2 ZIP KNIT,silhalfzipknit|maroon
16921,TAILORED FIT FINE 1/2 ZIP KNIT,silhalfzipknit|blue
16919,TAILORED FIT FINE 1/2 ZIP KNIT,silhalfzipknit|blue
16918,TAILORED FIT FINE 1/2 ZIP KNIT,silhalfzipknit|blue
16917,TAILORED FIT FINE 1/2 ZIP KNIT,silhalfzipknit|blue
16909,TAILORED FIT FINE 1/2 ZIP KNIT,silhalfzipknit|charcoal
16951,MOSCHINO BOW TIE,mosbowtie|multi
18116,BLACK REMBRANDT BELT BLT07/99,remblt0799belt|black
16961,BLACK REMBRANDT BELT BLT07/99,remblt0799belt|black
16960,BLACK REMBRANDT BELT BLT07/99,remblt0799belt|black
16959,BLACK REMBRANDT BELT BLT07/99,remblt0799belt|black
16958,BLACK REMBRANDT BELT BLT07/99,remblt0799belt|black
16965,MONTI COSTELLO LINEN SCARF,parlinenscarf|multi
17026,THOMAS CV OVERCOAT,rembo2799coat|black
17042,BRUNNER COFFEE&amp;NAVY KNIT,rem1579knit|multi
17041,BRUNNER COFFEE&amp;NAVY KNIT,rem1579knit|multi
17040,BRUNNER COFFEE&amp;NAVY KNIT,rem1579knit|multi
17039,BRUNNER COFFEE&amp;NAVY KNIT,rem1579knit|multi
17053,MIDWOOD STRIPE S/C SLIM,gbb152832-129|navy
17061,EMHURST DOBBY S/C BODY FIT,gbb152903-128|mauve
17060,EMHURST DOBBY S/C BODY FIT,gbb152903-128|mauve
17095,GERRITSEN PRINT S/C,gbb151482-128|white
17092,GERRITSEN PRINT S/C,gbb151482-128|white
17090,GERRITSEN PRINT S/C,gbb151482-128|white
17087,GERRITSEN PRINT S/C,gbb151482-128|black
17086,GERRITSEN PRINT S/C,gbb151482-128|black
17083,GERRITSEN PRINT S/C,gbb151482-128|black
17104,CLINTON HILL S/C,gbb151192-128b|reddk
17102,CLINTON HILL S/C,gbb151192-128b|reddk
17113,ARVERNE CHECK S/C,gbb151702-129|orange
17122,CAMBRIA HEIGHTS CHECK S/C,gbb151371-102|reddk
17118,CAMBRIA HEIGHTS CHECK S/C,gbb151371-102|reddk
17147,ORIAN WH06U243 CSHIRT,oru243shirt|white
17146,ORIAN WH06U243 CSHIRT,oru243shirt|white
17145,ORIAN WH06U243 CSHIRT,oru243shirt|white
17144,ORIAN WH06U243 CSHIRT,oru243shirt|white
17142,ORIAN WH06U243 CSHIRT,oru243shirt|white
17154,ORIAN WH06U243 CSHIRT,oru243shirt|bluelgt
17153,ORIAN WH06U243 CSHIRT,oru243shirt|bluelgt
17152,ORIAN WH06U243 CSHIRT,oru243shirt|bluelgt
17151,ORIAN WH06U243 CSHIRT,oru243shirt|bluelgt
17150,ORIAN WH06U243 CSHIRT,oru243shirt|bluelgt
17149,ORIAN WH06U243 CSHIRT,oru243shirt|bluelgt
17190,ORIAN WH06 S685/42 CSHIRT,ors68542shirt|navy
17189,ORIAN WH06 S685/42 CSHIRT,ors68542shirt|navy
17188,ORIAN WH06 S685/42 CSHIRT,ors68542shirt|navy
17187,ORIAN WH06 S685/42 CSHIRT,ors68542shirt|navy
17195,ORIAN WH06 D388/22E CSHIRT,ord38822eshirt|bluedark
17194,ORIAN WH06 D388/22E CSHIRT,ord38822eshirt|bluedark
17193,ORIAN WH06 D388/22E CSHIRT,ord38822eshirt|bluedark
17209,TAILORED FIT FINE CREW,sil4652knit|green
17208,TAILORED FIT FINE CREW,sil4652knit|green
17207,TAILORED FIT FINE CREW,sil4652knit|green
17205,TAILORED FIT FINE CREW,sil4652knit|green
17204,TAILORED FIT FINE CREW,sil4652knit|blue
17203,TAILORED FIT FINE CREW,sil4652knit|blue
17202,TAILORED FIT FINE CREW,sil4652knit|blue
17201,TAILORED FIT FINE CREW,sil4652knit|blue
17214,VARIEGATED STRIPE SOCK 6737,fal6737sock|red
17216,MICRODOT SOCK 6036,fal6036sock|navy
17229,TAILORED FIT PURE LUXURY 4668,sil4668knit|reddk
17228,TAILORED FIT PURE LUXURY 4668,sil4668knit|reddk
17227,TAILORED FIT PURE LUXURY 4668,sil4668knit|reddk
17226,TAILORED FIT PURE LUXURY 4668,sil4668knit|reddk
17224,TAILORED FIT PURE LUXURY 4668,sil4668knit|blue
17223,TAILORED FIT PURE LUXURY 4668,sil4668knit|blue
17222,TAILORED FIT PURE LUXURY 4668,sil4668knit|blue
17281,WHITE SELF-DOT BRADLEY SZ49/01,remsz4901shirt|white
17277,WHITE SELF-DOT BRADLEY SZ49/01,remsz4901shirt|white
17290,PUNCHED TOE DERBY 16-59,remsho1659shoe|brown
17289,PUNCHED TOE DERBY 16-59,remsho1659shoe|brown
17288,PUNCHED TOE DERBY 16-59,remsho1659shoe|brown
17286,PUNCHED TOE DERBY 16-59,remsho1659shoe|brown
17300,SEMI-BROGUE DERBY 17-59,remsho1759shoe|brown
17301,SEMI-BROGUE DERBY 17-59,remsho1759shoe|brown
17296,SEMI-BROGUE DERBY 17-59,remsho1759shoe|brown
17295,SEMI-BROGUE DERBY 17-59,remsho1759shoe|brown
17309,SEMI-BROGUE DERBY 18-99,remsho1899shoe|black
17307,SEMI-BROGUE DERBY 18-99,remsho1899shoe|black
17306,SEMI-BROGUE DERBY 18-99,remsho1899shoe|black
17304,SEMI-BROGUE DERBY 18-99,remsho1899shoe|black
17318,BROWN DERBY 21-55,remsho2155shoe|brown
17313,BROWN DERBY 21-55,remsho2155shoe|brown
17336,WASHED BECK TROUSER BO07/69,rembo0769trou|green
17331,WASHED BECK TROUSER BO07/69,rembo0769trou|green
17329,WASHED BECK TROUSER BO07/69,rembo0769trou|green
17345,WASHED BECK TROUSER BH85/14,rembh8514trou|beige
17344,WASHED BECK TROUSER BH85/14,rembh8514trou|beige
17343,WASHED BECK TROUSER BH85/14,rembh8514trou|beige
17342,WASHED BECK TROUSER BH85/14,rembh8514trou|beige
17341,WASHED BECK TROUSER BH85/14,rembh8514trou|beige
17339,WASHED BECK TROUSER BH85/14,rembh8514trou|beige
17338,WASHED BECK TROUSER BH85/14,rembh8514trou|beige
17354,WASHED BECK TROUSER B021/79,rembo2179trou|navy
17353,WASHED BECK TROUSER B021/79,rembo2179trou|navy
17351,WASHED BECK TROUSER B021/79,rembo2179trou|navy
17350,WASHED BECK TROUSER B021/79,rembo2179trou|navy
17371,BECK TROUSER BO01/55,rembo0155trou|orange
17369,BECK TROUSER BO01/55,rembo0155trou|orange
17367,BECK TROUSER BO01/55,rembo0155trou|orange
17366,BECK TROUSER BO01/55,rembo0155trou|orange
17365,BECK TROUSER BO01/55,rembo0155trou|orange
17376,HERRING BONE SINATRA SA20/75,remsa2075shirt|blue
17375,HERRING BONE SINATRA SA20/75,remsa2075shirt|blue
17374,HERRING BONE SINATRA SA20/75,remsa2075shirt|blue
17386,EURO FIT 170A225,ambeurotroufit|reddk
17384,EURO FIT 170A225,ambeurotroufit|reddk
17383,EURO FIT 170A225,ambeurotroufit|reddk
17427,LOCHIEL CV CARCOAT BG72/85,rembg7285coat|grey
17424,LOCHIEL CV CARCOAT BG72/85,rembg7285coat|grey
17423,LOCHIEL CV CARCOAT BG72/85,rembg7285coat|grey
17441,SHEEN SV JACKET BO07/69,rembo0769jkt|green
17440,SHEEN SV JACKET BO07/69,rembo0769jkt|green
17439,SHEEN SV JACKET BO07/69,rembo0769jkt|green
17438,SHEEN SV JACKET BO07/69,rembo0769jkt|green
17436,LOCHIEL CV CARCOAT,rembn2179coat|blue
17466,BURNHAM NV JKT B027/99,rembo2799jkt|black
17465,BURNHAM NV JKT B027/99,rembo2799jkt|black
17464,BURNHAM NV JKT B027/99,rembo2799jkt|black
17463,BURNHAM NV JKT B027/99,rembo2799jkt|black
17479,ONE OF A KIND WOOL BOW TIE,remwoolbowtie|multi
17481,ONE OF A KIND SILK BOW TIE,remsilkbowtie|multi
17483,WOOL PKT SQUARE,remwoolpktsq|multi
17500,COOPER SV JACKET BO91/79,rembo9179jkt|blue
17499,COOPER SV JACKET BO91/79,rembo9179jkt|blue
17498,COOPER SV JACKET BO91/79,rembo9179jkt|blue
17497,COOPER SV JACKET BO91/79,rembo9179jkt|blue
17496,COOPER SV JACKET BO91/79,rembo9179jkt|blue
17495,COOPER SV JACKET BO91/79,rembo9179jkt|blue
17507,LOTUS TROUSER BO91/79,rembo9179trou|blue
17506,LOTUS TROUSER BO91/79,rembo9179trou|blue
17505,LOTUS TROUSER BO91/79,rembo9179trou|blue
17504,LOTUS TROUSER BO91/79,rembo9179trou|blue
17519,LOTUS TROUSER BP20/89,rembp2089trou|charcoal
17518,LOTUS TROUSER BP20/89,rembp2089trou|charcoal
17517,LOTUS TROUSER BP20/89,rembp2089trou|charcoal
17516,LOTUS TROUSER BP20/89,rembp2089trou|charcoal
17515,LOTUS TROUSER BP20/89,rembp2089trou|charcoal
17514,LOTUS TROUSER BP20/89,rembp2089trou|charcoal
18796,COOPER SV JACKET BP20/89,rembp2089jkt|charcoal
17527,COOPER SV JACKET BP20/89,rembp2089jkt|charcoal
17526,COOPER SV JACKET BP20/89,rembp2089jkt|charcoal
17525,COOPER SV JACKET BP20/89,rembp2089jkt|charcoal
17524,COOPER SV JACKET BP20/89,rembp2089jkt|charcoal
17523,COOPER SV JACKET BP20/89,rembp2089jkt|charcoal
17522,COOPER SV JACKET BP20/89,rembp2089jkt|charcoal
17565,CORNWALL JKT BN02/79,rembn0279dbjkt|blue
17579,CHECK BROOKLYN SHIRT SA13/35,whsa1355bshirt|brown
17578,CHECK BROOKLYN SHIRT SA13/35,whsa1355bshirt|brown
17577,CHECK BROOKLYN SHIRT SA13/35,whsa1355bshirt|brown
17576,CHECK BROOKLYN SHIRT SA13/35,whsa1355bshirt|brown
17602,PRINT METROPOLIS SHIRT SZ60/47,remsz6047shirt|reddk
17600,PRINT METROPOLIS SHIRT SZ60/47,remsz6047shirt|reddk
17592,CHECK SANTIAGO SHIRT SA35/55,remsa3555shirt|brown
17589,CHECK SANTIAGO SHIRT SA35/55,remsa3555shirt|brown
17608,CHECK BROOKLYN SHIRT SZ64/59,whsz6459shirt|brown
17607,CHECK BROOKLYN SHIRT SZ64/59,whsz6459shirt|brown
17619,BROOKLYN SHIRT SZ66/79,whsz6679shirt|blue
17627,BLUE CHECK LUCKY SZ68/75,remsz6875shirt|blue
17623,BLUE CHECK LUCKY SZ68/75,remsz6875shirt|blue
17633,LUCKY SHIRT SZ73/00,remsz7300shirt|white
17632,LUCKY SHIRT SZ73/00,remsz7300shirt|white
17631,LUCKY SHIRT SZ73/00,remsz7300shirt|white
17641,BRADLEY SHIRT VB19/89,remvb1989shirt|charcoal
17639,BRADLEY SHIRT VB19/89,remvb1989shirt|charcoal
17637,BRADLEY SHIRT VB19/89,remvb1989shirt|charcoal
17635,BRADLEY SHIRT VB19/89,remvb1989shirt|charcoal
17650,BRADLEY SHIRT SB75/40,remsb7540shirt|pink
17649,BRADLEY SHIRT SB75/40,remsb7540shirt|pink
17648,BRADLEY SHIRT SB75/40,remsb7540shirt|pink
17647,BRADLEY SHIRT SB75/40,remsb7540shirt|pink
17646,BRADLEY SHIRT SB75/40,remsb7540shirt|pink
17659,BROOKLYN SHIRT SZ34/47,whsz3447shirt|pink
17657,BROOKLYN SHIRT SZ34/47,whsz3447shirt|pink
17656,BROOKLYN SHIRT SZ34/47,whsz3447shirt|pink
17678,BROSNAN SHIRT SZ37/75,remsz3775shirt|blue
17676,BROSNAN SHIRT SZ37/75,remsz3775shirt|blue
17675,BROSNAN SHIRT SZ37/75,remsz3775shirt|blue
17674,BROSNAN SHIRT SZ37/75,remsz3775shirt|blue
17673,BROSNAN SHIRT SZ37/75,remsz3775shirt|blue
17672,BROSNAN SHIRT SZ37/75,remsz3775shirt|blue
17687,BROSNAN SHIRT SZ53/79,remsz5379shirt|navy
17685,BROSNAN SHIRT SZ53/79,remsz5379shirt|navy
17684,BROSNAN SHIRT SZ53/79,remsz5379shirt|navy
17696,MICRO WHITE SHIRT SA19/79,remsa1979shirt|navy
17695,MICRO WHITE SHIRT SA19/79,remsa1979shirt|navy
17694,MICRO WHITE SHIRT SA19/79,remsa1979shirt|navy
17693,MICRO WHITE SHIRT SA19/79,remsa1979shirt|navy
17692,MICRO WHITE SHIRT SA19/79,remsa1979shirt|navy
17691,MICRO WHITE SHIRT SA19/79,remsa1979shirt|navy
17690,MICRO WHITE SHIRT SA19/79,remsa1979shirt|navy
17703,SINATRA SHIRT SA03/55,remsa0355shirt|brown
17702,SINATRA SHIRT SA03/55,remsa0355shirt|brown
17701,SINATRA SHIRT SA03/55,remsa0355shirt|brown
17700,SINATRA SHIRT SA03/55,remsa0355shirt|brown
17699,SINATRA SHIRT SA03/55,remsa0355shirt|brown
17698,SINATRA SHIRT SA03/55,remsa0355shirt|brown
17714,SINATRA SHIRT SA02/69,remsa0269shirt|green
17710,SINATRA SHIRT SA02/69,remsa0269shirt|green
17709,SINATRA SHIRT SA02/69,remsa0269shirt|green
17708,SINATRA SHIRT SA02/69,remsa0269shirt|green
17707,SINATRA SHIRT SA02/69,remsa0269shirt|green
17734,CHECK BRADLEY SHIRT SA33/47,remsa3347shirt|reddk
17732,CHECK BRADLEY SHIRT SA33/47,remsa3347shirt|reddk
17730,CHECK BRADLEY SHIRT SA33/47,remsa3347shirt|reddk
17728,CHECK BRADLEY SHIRT SA33/47,remsa3347shirt|reddk
17743,SPOT BRADLEY SHIRT SZ80/69,remsz8069shirt|green
17750,LIBERTY LUCKY SHIRT SZ85/59,remsz8559shirt|brown
17749,LIBERTY LUCKY SHIRT SZ85/59,remsz8559shirt|brown
17747,LIBERTY LUCKY SHIRT SZ85/59,remsz8559shirt|brown
17746,LIBERTY LUCKY SHIRT SZ85/59,remsz8559shirt|brown
17767,LEATHER LEX BELT,remlexbelt|brown
17766,LEATHER LEX BELT,remlexbelt|brown
17765,LEATHER LEX BELT,remlexbelt|brown
17763,LEATHER LEX BELT,remlexbelt|brown
17761,LEATHER LEX BELT,remlexbelt|brown
17759,LEATHER LEX BELT,remlexbelt|black
17758,LEATHER LEX BELT,remlexbelt|black
17757,LEATHER LEX BELT,remlexbelt|black
17756,LEATHER LEX BELT,remlexbelt|black
17754,LEATHER LEX BELT,remlexbelt|black
17753,LEATHER LEX BELT,remlexbelt|black
17773,NUBUCK MONK BELT,remnubmonkbelt|brown
17771,NUBUCK MONK BELT,remnubmonkbelt|brown
17770,NUBUCK MONK BELT,remnubmonkbelt|brown
17783,NUBUCK MONK BELT,remnubmonkbelt|navy
17782,NUBUCK MONK BELT,remnubmonkbelt|navy
17781,NUBUCK MONK BELT,remnubmonkbelt|navy
17780,NUBUCK MONK BELT,remnubmonkbelt|navy
17778,NUBUCK MONK BELT,remnubmonkbelt|navy
17790,CUSACK SV JKT BP10/85,rembp1085jkt|grey
17789,CUSACK SV JKT BP10/85,rembp1085jkt|grey
17788,CUSACK SV JKT BP10/85,rembp1085jkt|grey
17787,CUSACK SV JKT BP10/85,rembp1085jkt|grey
17786,CUSACK SV JKT BP10/85,rembp1085jkt|grey
18797,LENNON SV JACKET BN02/79,rembn02lennon|blue
17871,AERTEX S/S SHIRT 88536,amb88536shirt|navy
17870,AERTEX S/S SHIRT 88536,amb88536shirt|navy
17869,AERTEX S/S SHIRT 88536,amb88536shirt|navy
17874,BARRISTER BIB,parbarristerbib|white
17876,BARRISTER GLOVES,parbarristergl|white
17893,AERTEX S/S SHIRT 88436,amb88436shirt|multi
17892,AERTEX S/S SHIRT 88436,amb88436shirt|multi
17900,AERTEX S/S SHIRT 88566,amb88566shirt|red
17936,BENSON LYON TROU B106,benb106trou|black
17935,BENSON LYON TROU B106,benb106trou|black
17934,BENSON LYON TROU B106,benb106trou|black
17933,BENSON LYON TROU B106,benb106trou|black
17932,BENSON LYON TROU B106,benb106trou|black
17930,BENSON LYON TROU B106,benb106trou|black
17929,BENSON LYON TROU B106,benb106trou|black
17952,BENSON LYON TROU B106,benb106trou|charcoal
17951,BENSON LYON TROU B106,benb106trou|charcoal
17950,BENSON LYON TROU B106,benb106trou|charcoal
17949,BENSON LYON TROU B106,benb106trou|charcoal
17948,BENSON LYON TROU B106,benb106trou|charcoal
17947,BENSON LYON TROU B106,benb106trou|charcoal
17946,BENSON LYON TROU B106,benb106trou|charcoal
17945,BENSON LYON TROU B106,benb106trou|charcoal
17944,BENSON LYON TROU B106,benb106trou|navy
17942,BENSON LYON TROU B106,benb106trou|navy
17941,BENSON LYON TROU B106,benb106trou|navy
17940,BENSON LYON TROU B106,benb106trou|navy
17939,BENSON LYON TROU B106,benb106trou|navy
17938,BENSON LYON TROU B106,benb106trou|navy
17964,COOPER SV LOTUS AP17/75,remap1775suit|blue
18122,FREDERICK A 11845 S/S,amb11845shirt|navy
18121,FREDERICK A 11845 S/S,amb11845shirt|navy
18120,FREDERICK A 11845 S/S,amb11845shirt|navy
18119,FREDERICK A 11845 S/S,amb11845shirt|navy
18125,DOWNEY DOT SLIM,gbb252922-128|white
18169,EISENBERG DENIM DOT,gbb252972-129|blue
18136,PETALUMA PRINT SLIM,gbb251062-129|blue
18135,PETALUMA PRINT SLIM,gbb251062-129|blue
18134,PETALUMA PRINT SLIM,gbb251062-129|blue
18154,SUNSET STRIP CHECK,gbb251341-102|orange
18153,SUNSET STRIP CHECK,gbb251341-102|orange
18152,SUNSET STRIP CHECK,gbb251341-102|orange
18151,SUNSET STRIP CHECK,gbb251341-102|orange
18150,SUNSET STRIP CHECK,gbb251341-102|orange
18148,SUNSET STRIP CHECK,gbb251341-102|orange
18144,SUNSET STRIP CHECK,gbb251341-102|blue
18143,SUNSET STRIP CHECK,gbb251341-102|blue
18142,SUNSET STRIP CHECK,gbb251341-102|blue
18141,SUNSET STRIP CHECK,gbb251341-102|blue
18140,SUNSET STRIP CHECK,gbb251341-102|blue
18160,ULTRA OXFORD,gbb251401-102|blue
18175,INNSBROOK S/S SHIRT 11995,amb11995shirt|blue
18174,INNSBROOK S/S SHIRT 11995,amb11995shirt|blue
18173,INNSBROOK S/S SHIRT 11995,amb11995shirt|blue
18172,INNSBROOK S/S SHIRT 11995,amb11995shirt|blue
18181,INNSBROOK S/S SHIRT 11965,amb11965shirt|red
18180,INNSBROOK S/S SHIRT 11965,amb11965shirt|red
18179,INNSBROOK S/S SHIRT 11965,amb11965shirt|red
18187,INNSBROOK S/S SHIRT 10875,amb10875shirt|bluelgt
18186,INNSBROOK S/S SHIRT 10875,amb10875shirt|bluelgt
18195,ARI CHECK SLIM D/C,gbb251172-228|blue
18194,ARI CHECK SLIM D/C,gbb251172-228|blue
18193,ARI CHECK SLIM D/C,gbb251172-228|blue
18192,ARI CHECK SLIM D/C,gbb251172-228|blue
18191,ARI CHECK SLIM D/C,gbb251172-228|blue
18190,ARI CHECK SLIM D/C,gbb251172-228|blue
18189,ARI CHECK SLIM D/C,gbb251172-228|blue
18205,DELANO DOT PRINT S/C,gbb251091-102|white
18204,DELANO DOT PRINT S/C,gbb251091-102|white
18203,DELANO DOT PRINT S/C,gbb251091-102|white
18202,DELANO DOT PRINT S/C,gbb251091-102|white
18201,DELANO DOT PRINT S/C,gbb251091-102|white
18200,DELANO DOT PRINT S/C,gbb251091-102|white
18199,DELANO DOT PRINT S/C,gbb251091-102|white
18198,DELANO DOT PRINT S/C,gbb251091-102|white
18224,ASSORTED STOFFELS HANKS,hillshankstoff|
18231,LIBERTY BROOKLYN SHIRT SA61/75,whsa6175shirt|blue
18230,LIBERTY BROOKLYN SHIRT SA61/75,whsa6175shirt|blue
18229,LIBERTY BROOKLYN SHIRT SA61/75,whsa6175shirt|blue
18228,LIBERTY BROOKLYN SHIRT SA61/75,whsa6175shirt|blue
18239,HALCYON SV JKT BO49/59,rembo4959spjkt|brown
18233,HALCYON SV JKT BO49/59,rembo4959spjkt|brown
18246,HALCYON SV JKT B079/75,rembo7975spjkt|blue
18245,HALCYON SV JKT B079/75,rembo7975spjkt|blue
18244,HALCYON SV JKT B079/75,rembo7975spjkt|blue
18243,HALCYON SV JKT B079/75,rembo7975spjkt|blue
18242,HALCYON SV JKT B079/75,rembo7975spjkt|blue
18251,PIERCE SB72/79 C/SHIRT,remsb7279shirt|navy
18250,PIERCE SB72/79 C/SHIRT,remsb7279shirt|navy
18249,PIERCE SB72/79 C/SHIRT,remsb7279shirt|navy
18258,INDIGO PAISLEY PIERCE SB78/75,remsb7875cshirt|blue
18257,INDIGO PAISLEY PIERCE SB78/75,remsb7875cshirt|blue
18256,INDIGO PAISLEY PIERCE SB78/75,remsb7875cshirt|blue
18255,INDIGO PAISLEY PIERCE SB78/75,remsb7875cshirt|blue
18265,BLUE PRINT BRADLEY SA66/75 SHIRT,remsa6675shirt|multi
18264,BLUE PRINT BRADLEY SA66/75 SHIRT,remsa6675shirt|multi
18263,BLUE PRINT BRADLEY SA66/75 SHIRT,remsa6675shirt|multi
18262,BLUE PRINT BRADLEY SA66/75 SHIRT,remsa6675shirt|multi
18261,BLUE PRINT BRADLEY SA66/75 SHIRT,remsa6675shirt|multi
18274,BLUE CHECK WHITE SB06/75 SHIRT,remsb0675shirt|blue
18273,BLUE CHECK WHITE SB06/75 SHIRT,remsb0675shirt|blue
18272,BLUE CHECK WHITE SB06/75 SHIRT,remsb0675shirt|blue
18271,BLUE CHECK WHITE SB06/75 SHIRT,remsb0675shirt|blue
18270,BLUE CHECK WHITE SB06/75 SHIRT,remsb0675shirt|blue
18269,BLUE CHECK WHITE SB06/75 SHIRT,remsb0675shirt|blue
18283,SILVER GREY WHITE SB24/85 SHIRT,remsb2485shirt|grey
18282,SILVER GREY WHITE SB24/85 SHIRT,remsb2485shirt|grey
18281,SILVER GREY WHITE SB24/85 SHIRT,remsb2485shirt|grey
18280,SILVER GREY WHITE SB24/85 SHIRT,remsb2485shirt|grey
18279,SILVER GREY WHITE SB24/85 SHIRT,remsb2485shirt|grey
18278,SILVER GREY WHITE SB24/85 SHIRT,remsb2485shirt|grey
18277,SILVER GREY WHITE SB24/85 SHIRT,remsb2485shirt|grey
18276,SILVER GREY WHITE SB24/85 SHIRT,remsb2485shirt|grey
18310,BLUE STRIPE BROSNAN SB57/70 SHIRT,remsb5770bshirt|blue
18308,BLUE STRIPE BROSNAN SB57/70 SHIRT,remsb5770bshirt|blue
18307,BLUE STRIPE BROSNAN SB57/70 SHIRT,remsb5770bshirt|blue
18306,BLUE STRIPE BROSNAN SB57/70 SHIRT,remsb5770bshirt|blue
18305,BLUE STRIPE BROSNAN SB57/70 SHIRT,remsb5770bshirt|blue
18302,BLUE STRIPE WHITE SB66/70,remsb6670shirt|blue
18301,BLUE STRIPE WHITE SB66/70,remsb6670shirt|blue
18300,BLUE STRIPE WHITE SB66/70,remsb6670shirt|blue
18299,BLUE STRIPE WHITE SB66/70,remsb6670shirt|blue
18298,BLUE STRIPE WHITE SB66/70,remsb6670shirt|blue
18297,BLUE STRIPE WHITE SB66/70,remsb6670shirt|blue
18296,BLUE STRIPE WHITE SB66/70,remsb6670shirt|blue
18294,BROWN STRIPE SINATRA SB67/55,remsb6755shirt|brown
18293,BROWN STRIPE SINATRA SB67/55,remsb6755shirt|brown
18291,BROWN STRIPE SINATRA SB67/55,remsb6755shirt|brown
18290,BROWN STRIPE SINATRA SB67/55,remsb6755shirt|brown
18289,BROWN STRIPE SINATRA SB67/55,remsb6755shirt|brown
18288,BROWN STRIPE SINATRA SB67/55,remsb6755shirt|brown
18319,PINK CHECK BROSNAN SC03/40 SHIRT,remsc0340shirt|pink
18318,PINK CHECK BROSNAN SC03/40 SHIRT,remsc0340shirt|pink
18317,PINK CHECK BROSNAN SC03/40 SHIRT,remsc0340shirt|pink
18316,PINK CHECK BROSNAN SC03/40 SHIRT,remsc0340shirt|pink
18315,PINK CHECK BROSNAN SC03/40 SHIRT,remsc0340shirt|pink
18314,PINK CHECK BROSNAN SC03/40 SHIRT,remsc0340shirt|pink
18313,PINK CHECK BROSNAN SC03/40 SHIRT,remsc0340shirt|pink
18335,HAWKE SV-LOTUS SUIT BO5/27,rembo5275suit|blue
18334,HAWKE SV-LOTUS SUIT BO5/27,rembo5275suit|blue
18333,HAWKE SV-LOTUS SUIT BO5/27,rembo5275suit|blue
18332,HAWKE SV-LOTUS SUIT BO5/27,rembo5275suit|blue
18331,HAWKE SV-LOTUS SUIT BO5/27,rembo5275suit|blue
18330,HAWKE SV-LOTUS SUIT BO5/27,rembo5275suit|blue
18329,LILAC STRIPE BROSNAN SB56/49 SHIRT,remsb5649shirt|mauve
18327,LILAC STRIPE BROSNAN SB56/49 SHIRT,remsb5649shirt|mauve
18326,LILAC STRIPE BROSNAN SB56/49 SHIRT,remsb5649shirt|mauve
18325,LILAC STRIPE BROSNAN SB56/49 SHIRT,remsb5649shirt|mauve
18324,LILAC STRIPE BROSNAN SB56/49 SHIRT,remsb5649shirt|mauve
18342,DAFT CV-PUNK BO58/75,whbo5875suit|bluelgt
18341,DAFT CV-PUNK BO58/75,whbo5875suit|bluelgt
18340,DAFT CV-PUNK BO58/75,whbo5875suit|bluelgt
18339,DAFT CV-PUNK BO58/75,whbo5875suit|bluelgt
18351,PUNK TROUSER BO58/75,whbo5875trou|bluelgt
18350,PUNK TROUSER BO58/75,whbo5875trou|bluelgt
18348,PUNK TROUSER BO58/75,whbo5875trou|bluelgt
18360,RIMINI SV JACKET BO60/75,whbo6075spjkt|blue
18357,RIMINI SV JACKET BO60/75,whbo6075spjkt|blue
18374,SHEEN SV JACKET BO82/01,rembo8201spjkt|grey
18373,SHEEN SV JACKET BO82/01,rembo8201spjkt|grey
18372,SHEEN SV JACKET BO82/01,rembo8201spjkt|grey
18371,SHEEN SV JACKET BO82/01,rembo8201spjkt|grey
18366,WEBBER SV JACKET BO80/75,rembo8075dbjkt|bluelgt
18377,WEBBER SV JACKET BO80/75,rembo8075dbjkt|bluelgt
18383,PROTO SV JACKET BO70/75,whbo7075jkt|bluelgt
18381,PROTO SV JACKET BO70/75,whbo7075jkt|bluelgt
18380,PROTO SV JACKET BO70/75,whbo7075jkt|bluelgt
18379,PROTO SV JACKET BO70/75,whbo7075jkt|bluelgt
18386,PROTO SV JACKET BO70/75,whbo7075jkt|bluelgt
18392,PUNK TROU BO70/75,whbo7075trou|bluelgt
18391,PUNK TROU BO70/75,whbo7075trou|bluelgt
18390,PUNK TROU BO70/75,whbo7075trou|bluelgt
18389,PUNK TROU BO70/75,whbo7075trou|bluelgt
18388,PUNK TROU BO70/75,whbo7075trou|bluelgt
18401,SHORT SLEEVE SHIRT F012,silf012shirt|multi
18399,SHORT SLEEVE SHIRT F012,silf012shirt|multi
18407,LFD CASUAL SHIRT N399/89,lfdn3799shirt|navy
18406,LFD CASUAL SHIRT N399/89,lfdn3799shirt|navy
18411,MENS MERINO SOCKS,ds96000sock|black
18412,MENS MERINO SOCKS,ds96000sock|grey
18413,MENS MERINO SOCKS,ds96000sock|navy
18416,MENS PINSTRIPE SOCK,fal5071sock|black
18415,MENS PINSTRIPE SOCK,fal5071sock|navy
18423,MENS COLOUR BLOCK 5073 SOCK,fal5073sock|beige
18424,MENS COLOUR BLOCK 5073 SOCK,fal5073sock|bluelgt
18420,WOMENS MERINO SOCK - SINGLE PAIR PACK,ds96007sock|brown
18421,WOMENS MERINO SOCK - SINGLE PAIR PACK,ds96007sock|black
18422,WOMENS MERINO SOCK - SINGLE PAIR PACK,ds96007sock|navy
18430,CAGE CHECK BODYFIT,gbb252713-129|grey
18429,CAGE CHECK BODYFIT,gbb252713-129|grey
18428,CAGE CHECK BODYFIT,gbb252713-129|grey
18427,CAGE CHECK BODYFIT,gbb252713-129|grey
18433,CRUISE CHECK SLIM S/C,gbb252752-129|blue
18432,CRUISE CHECK SLIM S/C,gbb252752-129|blue
18442,RICHIE CHECK SLIM S/C,gbb252762-129|navy
18441,RICHIE CHECK SLIM S/C,gbb252762-129|navy
18440,RICHIE CHECK SLIM S/C,gbb252762-129|navy
18438,RICHIE CHECK SLIM S/C,gbb252762-129|navy
18451,PALMETTO PUPPYTOOTH - REG FIT,gbb231281-129|navy
18450,PALMETTO PUPPYTOOTH - REG FIT,gbb231281-129|navy
18449,PALMETTO PUPPYTOOTH - REG FIT,gbb231281-129|navy
18448,PALMETTO PUPPYTOOTH - REG FIT,gbb231281-129|navy
18447,PALMETTO PUPPYTOOTH - REG FIT,gbb231281-129|navy
18458,FRESNO CHECK REG FIT,gbb251381-102|mauve
18457,FRESNO CHECK REG FIT,gbb251381-102|mauve
18456,FRESNO CHECK REG FIT,gbb251381-102|mauve
18455,FRESNO CHECK REG FIT,gbb251381-102|mauve
18454,FRESNO CHECK REG FIT,gbb251381-102|mauve
18453,FRESNO CHECK REG FIT,gbb251381-102|mauve
18477,GINGHAM PAPAMOA SHIRT,remsa8shirt|yellow
18476,GINGHAM PAPAMOA SHIRT,remsa8shirt|yellow
18473,GINGHAM PAPAMOA SHIRT,remsa8shirt|yellow
18472,GINGHAM PAPAMOA SHIRT,remsa8shirt|pink
18470,GINGHAM PAPAMOA SHIRT,remsa8shirt|pink
18469,GINGHAM PAPAMOA SHIRT,remsa8shirt|pink
18468,GINGHAM PAPAMOA SHIRT,remsa8shirt|pink
18486,STRIPE SANTIAGO SA76/80 B/SHIRT,remsa7680shirt|grey
18485,STRIPE SANTIAGO SA76/80 B/SHIRT,remsa7680shirt|grey
18484,STRIPE SANTIAGO SA76/80 B/SHIRT,remsa7680shirt|grey
18483,STRIPE SANTIAGO SA76/80 B/SHIRT,remsa7680shirt|grey
18482,STRIPE SANTIAGO SA76/80 B/SHIRT,remsa7680shirt|grey
18481,STRIPE SANTIAGO SA76/80 B/SHIRT,remsa7680shirt|grey
18480,STRIPE SANTIAGO SA76/80 B/SHIRT,remsa7680shirt|grey
18479,STRIPE SANTIAGO SA76/80 B/SHIRT,remsa7680shirt|grey
18495,CHECK SANTIAGO SB04/79 B/SHIRT,remsb0479shirt|navy
18494,CHECK SANTIAGO SB04/79 B/SHIRT,remsb0479shirt|navy
18493,CHECK SANTIAGO SB04/79 B/SHIRT,remsb0479shirt|navy
18492,CHECK SANTIAGO SB04/79 B/SHIRT,remsb0479shirt|navy
18490,CHECK SANTIAGO SB04/79 B/SHIRT,remsb0479shirt|navy
18488,CHECK SANTIAGO SB04/79 B/SHIRT,remsb0479shirt|navy
18504,CHECK METROPOLIS SB60/75 B/SHIRT,remsb6075shirt|blue
18502,CHECK METROPOLIS SB60/75 B/SHIRT,remsb6075shirt|blue
18501,CHECK METROPOLIS SB60/75 B/SHIRT,remsb6075shirt|blue
18500,CHECK METROPOLIS SB60/75 B/SHIRT,remsb6075shirt|blue
18499,CHECK METROPOLIS SB60/75 B/SHIRT,remsb6075shirt|blue
18498,CHECK METROPOLIS SB60/75 B/SHIRT,remsb6075shirt|blue
18497,CHECK METROPOLIS SB60/75 B/SHIRT,remsb6075shirt|blue
18523,PRINT METROPOLIS SB80/79 B/SHIRT,remsb8079shirt|navy
18522,PRINT METROPOLIS SB80/79 B/SHIRT,remsb8079shirt|navy
18521,PRINT METROPOLIS SB80/79 B/SHIRT,remsb8079shirt|navy
18520,PRINT METROPOLIS SB80/79 B/SHIRT,remsb8079shirt|navy
18517,MAROON METROPOLIS SB81/47 B/SHIRT,remsb8147shirt|maroon
18516,MAROON METROPOLIS SB81/47 B/SHIRT,remsb8147shirt|maroon
18515,MAROON METROPOLIS SB81/47 B/SHIRT,remsb8147shirt|maroon
18533,BLUE STRIPE SANTIAGO SC00/70 B/SHIRT,remsc0070shirt|blue
18532,BLUE STRIPE SANTIAGO SC00/70 B/SHIRT,remsc0070shirt|blue
18531,BLUE STRIPE SANTIAGO SC00/70 B/SHIRT,remsc0070shirt|blue
18530,BLUE STRIPE SANTIAGO SC00/70 B/SHIRT,remsc0070shirt|blue
18529,BLUE STRIPE SANTIAGO SC00/70 B/SHIRT,remsc0070shirt|blue
18528,BLUE STRIPE SANTIAGO SC00/70 B/SHIRT,remsc0070shirt|blue
18542,"WING, PLAIN FLY FT-T 12349T",amb12349tshirt|white
18541,"WING, PLAIN FLY FT-T 12349T",amb12349tshirt|white
18540,"WING, PLAIN FLY FT-T 12349T",amb12349tshirt|white
18539,"WING, PLAIN FLY FT-T 12349T",amb12349tshirt|white
18538,"WING, PLAIN FLY FT-T 12349T",amb12349tshirt|white
18537,"WING, PLAIN FLY FT-T 12349T",amb12349tshirt|white
18560,THE CRUISE 1337 HAT,hill1337cruise|white
18569,BJ17/85 2PCE SUIT,rembj1785suit|grey
18567,BJ17/85 2PCE SUIT,rembj1785suit|grey
18566,BJ17/85 2PCE SUIT,rembj1785suit|grey
18601,MICHAEL ROUEN POLO SHIRT,mrnantesshirt|grey
18600,MICHAEL ROUEN POLO SHIRT,mrnantesshirt|grey
18599,MICHAEL ROUEN POLO SHIRT,mrnantesshirt|grey
18598,MICHAEL ROUEN POLO SHIRT,mrnantesshirt|grey
18596,MICHAEL ROUEN POLO SHIRT,mrnantesshirt|charcoal
18595,MICHAEL ROUEN POLO SHIRT,mrnantesshirt|charcoal
18594,MICHAEL ROUEN POLO SHIRT,mrnantesshirt|charcoal
18593,MICHAEL ROUEN POLO SHIRT,mrnantesshirt|charcoal
18591,MICHAEL ROUEN POLO SHIRT,mrnantesshirt|navy
18590,MICHAEL ROUEN POLO SHIRT,mrnantesshirt|navy
18588,MICHAEL ROUEN POLO SHIRT,mrnantesshirt|navy
18655,SHEEN SV JKT BP01-79,rembp0179jkt|blue
18654,SHEEN SV JKT BP01-79,rembp0179jkt|blue
18653,SHEEN SV JKT BP01-79,rembp0179jkt|blue
18652,SHEEN SV JKT BP01-79,rembp0179jkt|blue
18650,SHEEN SV JKT BP01-79,rembp0179jkt|blue
18662,FLORAL METROPOLIS SB14/49 SHIRT,remsb1449shirt|blue
18704,CARREY CHECK SLIM S/C,gbb252722-128|charcoal
18700,CARREY CHECK SLIM S/C,gbb252722-128|charcoal
18698,CARREY CHECK SLIM S/C,gbb252722-128|charcoal
18696,CARREY CHECK SLIM S/C,gbb252722-128|charcoal
18712,GRESHAM SV LOTUS BO38/79 SUIT,rembo3879suit|blue
18711,GRESHAM SV LOTUS BO38/79 SUIT,rembo3879suit|blue
18710,GRESHAM SV LOTUS BO38/79 SUIT,rembo3879suit|blue
18707,GRESHAM SV LOTUS BO38/79 SUIT,rembo3879suit|blue
18706,GRESHAM SV LOTUS BO38/79 SUIT,rembo3879suit|blue
18730,SALINAS 7 STRIPE REG S/C,gbb251271102|navy
18729,SALINAS 7 STRIPE REG S/C,gbb251271102|navy
18728,SALINAS 7 STRIPE REG S/C,gbb251271102|navy
18727,SALINAS 7 STRIPE REG S/C,gbb251271102|navy
18725,SALINAS 7 STRIPE REG S/C,gbb251271102|navy
18757,MONACO SV JACKET BO92/85,rembo9285jkt|blue
18756,MONACO SV JACKET BO92/85,rembo9285jkt|blue
18755,MONACO SV JACKET BO92/85,rembo9285jkt|blue
18754,MONACO SV JACKET BO92/85,rembo9285jkt|blue
18753,MONACO SV JACKET BO92/85,rembo9285jkt|blue
18752,MONACO SV JACKET BO92/85,rembo9285jkt|blue
18751,MONACO SV JACKET BO92/85,rembo9285jkt|blue
18776,STRETCH COTTON TROUSER 656 A512,amb656a512trou|brown
18774,STRETCH COTTON TROUSER 656 A512,amb656a512trou|brown
18773,STRETCH COTTON TROUSER 656 A512,amb656a512trou|brown
18772,STRETCH COTTON TROUSER 656 A512,amb656a512trou|brown
18771,STRETCH COTTON TROUSER 656 A512,amb656a512trou|brown
18769,STRETCH COTTON TROUSER 656 A512,amb656a512trou|brown
18784,COOPER SV JACKET BO20/79,rembo2079jkt|navy
18783,COOPER SV JACKET BO20/79,rembo2079jkt|navy
18794,LOTUS TROU BO20/79,rembo2079trou|navy
18793,LOTUS TROU BO20/79,rembo2079trou|navy
18792,LOTUS TROU BO20/79,rembo2079trou|navy
18790,LOTUS TROU BO20/79,rembo2079trou|navy
18789,LOTUS TROU BO20/79,rembo2079trou|navy
18805,LILAC GINGHAM BROOKLYN SHIRT SB86/49,whsb8649shirt|mauve
18804,LILAC GINGHAM BROOKLYN SHIRT SB86/49,whsb8649shirt|mauve
18803,LILAC GINGHAM BROOKLYN SHIRT SB86/49,whsb8649shirt|mauve
18802,LILAC GINGHAM BROOKLYN SHIRT SB86/49,whsb8649shirt|mauve
18799,LILAC GINGHAM BROOKLYN SHIRT SB86/49,whsb8649shirt|mauve
18814,WASHED BECK TROU,rembp0279trou|blue
18813,WASHED BECK TROU,rembp0279trou|blue
18812,WASHED BECK TROU,rembp0279trou|blue
18811,WASHED BECK TROU,rembp0279trou|blue
18810,WASHED BECK TROU,rembp0279trou|blue
18829,DAFT SV JKT BO44/79,whbo4479jkt|white
18827,DAFT SV JKT BO44/79,whbo4479jkt|white
18837,PUNK TROUSER BO44/79,whbo4479trou|white
18836,PUNK TROUSER BO44/79,whbo4479trou|white
18835,PUNK TROUSER BO44/79,whbo4479trou|white
18846,PROTO SV PUNK BO59/75,whbo5975suit|blue
18845,PROTO SV PUNK BO59/75,whbo5975suit|blue
18844,PROTO SV PUNK BO59/75,whbo5975suit|blue
18843,PROTO SV PUNK BO59/75,whbo5975suit|blue
18842,PROTO SV PUNK BO59/75,whbo5975suit|blue
18849,PROTO SV PUNK BO59/75,whbo5975suit|blue
18855,DAFT SV PUNK BO78/79,whbo7879suit|navy
18854,DAFT SV PUNK BO78/79,whbo7879suit|navy
18853,DAFT SV PUNK BO78/79,whbo7879suit|navy
18852,DAFT SV PUNK BO78/79,whbo7879suit|navy
18860,GRESHAM SV LOTUS BO31/79,rembo3179suit|navy
18859,GRESHAM SV LOTUS BO31/79,rembo3179suit|navy
18870,GRESHAM SV LOTUS BO31/79,rembo3785suit|grey
18869,GRESHAM SV LOTUS BO31/79,rembo3785suit|grey
18868,GRESHAM SV LOTUS BO31/79,rembo3785suit|grey
18882,YORKE TROUSER BO98/70,rembo9870trou|bluelgt
18879,YORKE TROUSER BO98/70,rembo9870trou|bluelgt
18877,YORKE TROUSER BO98/70,rembo9870trou|bluelgt
18891,YORKE TROUSER BP42/89,rembp4289trou|charcoal
18889,YORKE TROUSER BP42/89,rembp4289trou|charcoal
18888,YORKE TROUSER BP42/89,rembp4289trou|charcoal
18886,YORKE TROUSER BP42/89,rembp4289trou|charcoal
18897,HALCYON SV JACKET BO41/45,rembo4145jkt|pink
18896,HALCYON SV JACKET BO41/45,rembo4145jkt|pink
18895,HALCYON SV JACKET BO41/45,rembo4145jkt|pink
18907,HALCYON SV JACKET BO48/70,rembo4870jkt|bluelgt
18904,HALCYON SV JACKET BO48/70,rembo4870jkt|bluelgt
18903,HALCYON SV JACKET BO48/70,rembo4870jkt|bluelgt
18902,HALCYON SV JACKET BO48/70,rembo4870jkt|bluelgt
18901,HALCYON SV JACKET BO48/70,rembo4870jkt|bluelgt
18914,BECK TROUSER BO55/75,rembo5575trou|bluelgt
18911,BECK TROUSER BO55/75,rembo5575trou|bluelgt
18922,PICCO SV LOTUS,rembo5370suit|blue
18921,PICCO SV LOTUS,rembo5370suit|blue
18920,PICCO SV LOTUS,rembo5370suit|blue
18919,PICCO SV LOTUS,rembo5370suit|blue
18932,MENDOCINO MICRO-STRUCT,gbb251291-121|purple
18931,MENDOCINO MICRO-STRUCT,gbb251291-121|purple
18930,MENDOCINO MICRO-STRUCT,gbb251291-121|purple
18929,MENDOCINO MICRO-STRUCT,gbb251291-121|purple
18927,MENDOCINO MICRO-STRUCT,gbb251291-121|purple
18940,DEL NORTE DOBBY REG S/C,gbb251011-121|white
18937,DEL NORTE DOBBY REG S/C,gbb251011-121|white
18936,DEL NORTE DOBBY REG S/C,gbb251011-121|white
18953,GRESHAM SV LOTUS V3,rembq6279suit|blue
18951,GRESHAM SV LOTUS V3,rembq6279suit|blue
18950,GRESHAM SV LOTUS V3,rembq6279suit|blue
18949,GRESHAM SV LOTUS V3,rembq6279suit|blue
18948,GRESHAM SV LOTUS V3,rembq6279suit|blue
18947,GRESHAM SV LOTUS V3,rembq6279suit|blue
18958,GRESHAM SV LOTUS V3,rembq6379suit|blue
18957,GRESHAM SV LOTUS V3,rembq6379suit|blue
18956,GRESHAM SV LOTUS V3,rembq6379suit|blue
18955,GRESHAM SV LOTUS V3,rembq6379suit|blue
18976,AERTEX L/S BSHIRT 88403,amb88403shirt|
18982,BLUE PRINT BROOKLYN SA62/75,whsa6275shirt|blue
18981,BLUE PRINT BROOKLYN SA62/75,whsa6275shirt|blue
18979,BLUE PRINT BROOKLYN SA62/75,whsa6275shirt|blue
18990,GREEN&amp;WHITE BROOKLYN SB90/65,whsb9065shirt|green
18989,GREEN&amp;WHITE BROOKLYN SB90/65,whsb9065shirt|green
18988,GREEN&amp;WHITE BROOKLYN SB90/65,whsb9065shirt|green
18987,GREEN&amp;WHITE BROOKLYN SB90/65,whsb9065shirt|green
18986,GREEN&amp;WHITE BROOKLYN SB90/65,whsb9065shirt|green
18984,GREEN&amp;WHITE BROOKLYN SB90/65,whsb9065shirt|green
18999,GRESHAM SV-LOTUS BO88/85,rembo8885suit|grey
18998,GRESHAM SV-LOTUS BO88/85,rembo8885suit|grey
18997,GRESHAM SV-LOTUS BO88/85,rembo8885suit|grey
18996,GRESHAM SV-LOTUS BO88/85,rembo8885suit|grey
18995,GRESHAM SV-LOTUS BO88/85,rembo8885suit|grey
18994,GRESHAM SV-LOTUS BO88/85,rembo8885suit|grey
18993,GRESHAM SV-LOTUS BO88/85,rembo8885suit|grey
19001,REM REVERSABLE PKT SQ.,remreversepktsq|multi
19025,BLACK WALLET BAG03-99,rembag0399walle|black
19027,DK BROWN WALLET BAG04-59,rembag0459walle|browndk
19029,BLACK CARD HOLDER BAG1099,rembag1099hold|black
19031,DARK BROWN CARD HOLDER BAG1059,rembag1159hold|browndk
19037,ORANGE PRINT ONEMANA SA63/30,remsa6330shirt|orange
19036,ORANGE PRINT ONEMANA SA63/30,remsa6330shirt|orange
19034,ORANGE PRINT ONEMANA SA63/30,remsa6330shirt|orange
19043,BLUE PRINT ONEMANA SA64/75,remremsa6475shi|blue
19042,BLUE PRINT ONEMANA SA64/75,remremsa6475shi|blue
19049,PURPLE CHECK ONEMANA SA80/49,remsa8049shirt|purple
19046,PURPLE CHECK ONEMANA SA80/49,remsa8049shirt|purple
19045,PURPLE CHECK ONEMANA SA80/49,remsa8049shirt|purple
19055,LT BLUE ONEMANA SA94/70,remsa9470shirt|bluelgt
19053,LT BLUE ONEMANA SA94/70,remsa9470shirt|bluelgt
19051,LT BLUE ONEMANA SA94/70,remsa9470shirt|bluelgt
19063,MULTI CHECK SINATRA SB10/75,remsb1075shirt|multi
19059,MULTI CHECK SINATRA SB10/75,remsb1075shirt|multi
19057,MULTI CHECK SINATRA SB10/75,remsb1075shirt|multi
19072,WHITE STRIPE BROOKLYN SB02/01,whsb0201shirt|white
19070,WHITE STRIPE BROOKLYN SB02/01,whsb0201shirt|white
19082,GREEN STRIPE BRADLEY SB82/65,remsb8265shirt|green
19081,GREEN STRIPE BRADLEY SB82/65,remsb8265shirt|green
19080,GREEN STRIPE BRADLEY SB82/65,remsb8265shirt|green
19079,GREEN STRIPE BRADLEY SB82/65,remsb8265shirt|green
19078,GREEN STRIPE BRADLEY SB82/65,remsb8265shirt|green
19077,GREEN STRIPE BRADLEY SB82/65,remsb8265shirt|green
19075,GREEN STRIPE BRADLEY SB82/65,remsb8265shirt|green
19091,NAVY FLORAL METROPOLIS,remsb3179shirt|navy
19090,NAVY FLORAL METROPOLIS,remsb3179shirt|navy
19088,NAVY FLORAL METROPOLIS,remsb3179shirt|navy
19086,NAVY FLORAL METROPOLIS,remsb3179shirt|navy
19084,NAVY FLORAL METROPOLIS,remsb3179shirt|navy
19105,SANDERS SS PKTSQ,sanpktsq|
19114,LOTUS TROUSER 0505/12,rem050512trou|beige
19112,LOTUS TROUSER 0505/12,rem050512trou|beige
19111,LOTUS TROUSER 0505/12,rem050512trou|beige
19110,LOTUS TROUSER 0505/12,rem050512trou|beige
19135,COOPER SV LOTUS 2PC BN66/79,rembn6679suit|navy
19230,PEGASUS CV LOTUS BN33/79,rembn3379suit|navy
19248,AL93/75 2PC SUIT,remal9375suit|
19278,PROTO SV PUNK BF74/00,whbf7400suit|
19287,PEGASUS CV LOTUS BM45/16,rembm4516suit|
19320,MID WEIGHT CREW NECK,sil4500knit|black
19319,MID WEIGHT CREW NECK,sil4500knit|black
19337,LILAC BRADLEY SC40/49,remsc4049shirt|purplelgt
19336,LILAC BRADLEY SC40/49,remsc4049shirt|purplelgt
19335,LILAC BRADLEY SC40/49,remsc4049shirt|purplelgt
19334,LILAC BRADLEY SC40/49,remsc4049shirt|purplelgt
19333,LILAC BRADLEY SC40/49,remsc4049shirt|purplelgt
19332,LILAC BRADLEY SC40/49,remsc4049shirt|purplelgt
19331,LILAC BRADLEY SC40/49,remsc4049shirt|purplelgt
19346,BLUE LT BRADLEY SC42/45,remsc4275shirt|bluelgt
19345,BLUE LT BRADLEY SC42/45,remsc4275shirt|bluelgt
19344,BLUE LT BRADLEY SC42/45,remsc4275shirt|bluelgt
19343,BLUE LT BRADLEY SC42/45,remsc4275shirt|bluelgt
19342,BLUE LT BRADLEY SC42/45,remsc4275shirt|bluelgt
19341,BLUE LT BRADLEY SC42/45,remsc4275shirt|bluelgt
19340,BLUE LT BRADLEY SC42/45,remsc4275shirt|bluelgt
19356,LILAC &amp; WHITE LONDON SA18/49,remsa1849shirt|purplelgt
19355,LILAC &amp; WHITE LONDON SA18/49,remsa1849shirt|purplelgt
19354,LILAC &amp; WHITE LONDON SA18/49,remsa1849shirt|purplelgt
19353,LILAC &amp; WHITE LONDON SA18/49,remsa1849shirt|purplelgt
19352,LILAC &amp; WHITE LONDON SA18/49,remsa1849shirt|purplelgt
19351,LILAC &amp; WHITE LONDON SA18/49,remsa1849shirt|purplelgt
19350,LILAC &amp; WHITE LONDON SA18/49,remsa1849shirt|purplelgt
19349,LILAC &amp; WHITE LONDON SA18/49,remsa1849shirt|purplelgt
19365,WHITE CHECK BROSNAN SY59-01,remsy5901shirt|white
19364,WHITE CHECK BROSNAN SY59-01,remsy5901shirt|white
19363,WHITE CHECK BROSNAN SY59-01,remsy5901shirt|white
19362,WHITE CHECK BROSNAN SY59-01,remsy5901shirt|white
19361,WHITE CHECK BROSNAN SY59-01,remsy5901shirt|white
19360,WHITE CHECK BROSNAN SY59-01,remsy5901shirt|white
19359,WHITE CHECK BROSNAN SY59-01,remsy5901shirt|white
19358,WHITE CHECK BROSNAN SY59-01,remsy5901shirt|white
19374,BLUE &amp; WHITE LONDON SZ87/70 SHIRT,remsz8770shirt|blue
19373,BLUE &amp; WHITE LONDON SZ87/70 SHIRT,remsz8770shirt|blue
19372,BLUE &amp; WHITE LONDON SZ87/70 SHIRT,remsz8770shirt|blue
19371,BLUE &amp; WHITE LONDON SZ87/70 SHIRT,remsz8770shirt|blue
19370,BLUE &amp; WHITE LONDON SZ87/70 SHIRT,remsz8770shirt|blue
19369,BLUE &amp; WHITE LONDON SZ87/70 SHIRT,remsz8770shirt|blue
19368,BLUE &amp; WHITE LONDON SZ87/70 SHIRT,remsz8770shirt|blue
19367,BLUE &amp; WHITE LONDON SZ87/70 SHIRT,remsz8770shirt|blue
19383,BLUE &amp; WHITE LONDON SZ87/70 SHIRT,remsz9580shirt|grey
19382,BLUE &amp; WHITE LONDON SZ87/70 SHIRT,remsz9580shirt|grey
19381,BLUE &amp; WHITE LONDON SZ87/70 SHIRT,remsz9580shirt|grey
19380,BLUE &amp; WHITE LONDON SZ87/70 SHIRT,remsz9580shirt|grey
19379,BLUE &amp; WHITE LONDON SZ87/70 SHIRT,remsz9580shirt|grey
19378,BLUE &amp; WHITE LONDON SZ87/70 SHIRT,remsz9580shirt|grey
19377,BLUE &amp; WHITE LONDON SZ87/70 SHIRT,remsz9580shirt|grey
19376,BLUE &amp; WHITE LONDON SZ87/70 SHIRT,remsz9580shirt|grey
